input1,input2,input3,input4,input5,input6,input7,input8,input9,input10,input11,input12,input13,input14,input15,input16,input17,input18,input19,input20,input21,input22,input23,input24,input25,output1,output2,output3,output4,output5,output6
1.015998e-01,9.616653e-02,6.952440e-02,5.283085e-02,4.010550e-02,3.382535e-02,3.090160e-02,2.890085e-02,2.592787e-02,2.524564e-02,2.435958e-02,2.143254e-02,2.077302e-02,1.435533e-02,1.394786e-02,1.362161e-02,1.153844e-02,1.110264e-02,8.727751e-03,8.383026e-03,8.231290e-03,7.616358e-03,7.332260e-03,6.489450e-03,2.524564e-02,4.265115e+00,1.106302e-02,2.852637e-01,-1.420815e-02,-7.730088e-04,-3.559155e-04
2.436340e-01,1.523996e-01,1.025004e-01,8.900225e-02,7.994922e-02,7.908371e-02,7.240307e-02,6.447134e-02,5.846125e-02,5.807229e-02,5.375024e-02,4.691385e-02,4.271624e-02,4.115555e-02,3.997495e-02,3.639307e-02,3.423237e-02,3.305585e-02,3.122472e-02,2.965536e-02,2.527402e-02,2.514648e-02,2.466279e-02,2.231386e-02,5.807229e-02,4.125322e+00,1.438865e-02,2.663462e-01,-1.458865e-02,-1.050501e-03,-3.172062e-04
1.007619e-01,9.046425e-02,8.829706e-02,7.902000e-02,7.031573e-02,6.414318e-02,6.373364e-02,5.968138e-02,5.619543e-02,5.183378e-02,4.879377e-02,4.724882e-02,3.908703e-02,3.633831e-02,3.585750e-02,3.409043e-02,3.267154e-02,3.098865e-02,2.884768e-02,2.694064e-02,2.673106e-02,2.623891e-02,2.398149e-02,2.009852e-02,5.183378e-02,4.184694e+00,1.780519e-02,2.583320e-01,-1.557779e-02,-1.138770e-03,-3.363341e-04
5.258917e-02,4.014683e-02,2.904811e-02,2.828847e-02,2.255211e-02,1.664471e-02,1.404810e-02,1.056854e-02,8.758595e-03,6.335468e-03,5.708771e-03,5.562127e-03,5.334855e-03,5.253725e-03,4.058920e-03,3.742930e-03,3.677301e-03,2.754558e-03,2.652621e-03,2.161627e-03,2.127061e-03,1.857095e-03,1.471591e-03,1.345796e-03,6.335468e-03,4.211880e+00,1.135131e-02,2.809432e-01,-1.419957e-02,-8.722420e-04,-3.361785e-04
5.311992e-02,4.429888e-02,4.101358e-02,3.704755e-02,3.170389e-02,3.055580e-02,2.986722e-02,2.355514e-02,2.238243e-02,2.045705e-02,1.993603e-02,1.961180e-02,1.929218e-02,1.669319e-02,1.252894e-02,1.006519e-02,9.666664e-03,7.020039e-03,6.697184e-03,5.979376e-03,5.731058e-03,5.561958e-03,5.325802e-03,5.100170e-03,2.045705e-02,4.212359e+00,1.667330e-02,2.621235e-01,-1.546140e-02,-1.089436e-03,-3.409151e-04
1.693991e-01,1.648095e-01,1.297704e-01,9.455839e-02,8.609914e-02,8.161792e-02,8.022312e-02,7.871709e-02,5.403096e-02,4.961173e-02,4.260068e-02,3.607751e-02,3.413352e-02,3.140361e-02,2.962301e-02,2.758989e-02,2.608680e-02,2.446688e-02,2.423558e-02,2.307897e-02,2.275313e-02,2.264581e-02,1.950326e-02,1.915134e-02,4.961173e-02,4.210769e+00,1.278208e-02,2.772210e-01,-1.432461e-02,-8.223181e-04,-3.519585e-04
3.747749e-01,1.830173e-01,1.612246e-01,1.360338e-01,1.113010e-01,1.110823e-01,9.175283e-02,8.876278e-02,7.859819e-02,6.469754e-02,6.358794e-02,4.588335e-02,4.491614e-02,4.413746e-02,4.310308e-02,3.591261e-02,3.324313e-02,3.094751e-02,2.849268e-02,2.807336e-02,2.638471e-02,2.445499e-02,2.302819e-02,2.276010e-02,6.469754e-02,4.122317e+00,1.906069e-02,2.573565e-01,-1.502135e-02,-8.958318e-04,-3.592201e-04
1.485357e-01,1.286999e-01,1.180701e-01,1.079695e-01,9.494626e-02,7.722661e-02,7.166983e-02,6.964829e-02,6.692825e-02,6.411951e-02,6.022356e-02,5.928874e-02,5.862325e-02,5.734031e-02,5.653170e-02,5.351618e-02,5.222959e-02,5.019488e-02,4.731331e-02,4.596424e-02,4.383311e-02,4.316211e-02,4.162697e-02,3.940237e-02,6.411951e-02,4.237983e+00,1.677441e-02,2.624122e-01,-1.559349e-02,-1.103453e-03,-3.451751e-04
1.331997e-01,9.260182e-02,8.417854e-02,8.238526e-02,7.903101e-02,5.418901e-02,4.867787e-02,3.721891e-02,3.290676e-02,2.842302e-02,2.218200e-02,2.197769e-02,2.117370e-02,1.848735e-02,1.784462e-02,1.470687e-02,1.372359e-02,1.192173e-02,1.171363e-02,1.127829e-02,1.052688e-02,1.032798e-02,1.007519e-02,9.597142e-03,2.842302e-02,4.196824e+00,2.121338e-02,2.552873e-01,-1.585528e-02,-8.778729e-04,-3.846983e-04
1.302453e-01,1.067813e-01,9.224131e-02,8.950744e-02,8.310074e-02,7.557568e-02,7.450051e-02,7.319229e-02,7.154487e-02,6.484645e-02,6.155134e-02,6.056212e-02,5.741008e-02,5.629245e-02,5.539174e-02,5.270052e-02,5.183213e-02,5.079438e-02,4.897500e-02,4.713123e-02,4.595772e-02,4.414598e-02,4.392525e-02,4.354154e-02,6.484645e-02,4.080104e+00,6.927026e-03,2.996522e-01,-1.291138e-02,-9.172593e-04,-2.790927e-04
1.122827e-01,9.883113e-02,9.172333e-02,9.021785e-02,8.091962e-02,7.964284e-02,7.219826e-02,7.082407e-02,6.449961e-02,6.339560e-02,6.038599e-02,5.684512e-02,5.381407e-02,5.329088e-02,5.230690e-02,4.929450e-02,4.640663e-02,4.578208e-02,4.425297e-02,4.336445e-02,4.191355e-02,4.032790e-02,3.816266e-02,3.604899e-02,6.339560e-02,4.191300e+00,1.096612e-02,2.808009e-01,-1.430831e-02,-1.050514e-03,-3.118417e-04
2.761328e-01,2.302651e-01,2.026403e-01,1.801448e-01,1.334021e-01,1.150158e-01,9.917840e-02,9.769893e-02,8.384526e-02,7.878418e-02,7.725249e-02,6.948273e-02,6.900493e-02,6.504386e-02,5.721921e-02,5.289533e-02,5.201542e-02,4.776914e-02,4.769614e-02,4.615355e-02,4.462912e-02,4.354814e-02,4.271068e-02,4.056125e-02,7.878418e-02,4.119107e+00,3.652811e-03,3.320733e-01,-1.235875e-02,-8.798056e-04,-2.643963e-04
7.059417e-02,6.298764e-02,6.072144e-02,5.865273e-02,5.461090e-02,5.258525e-02,4.984724e-02,4.824661e-02,4.787334e-02,4.413560e-02,4.402726e-02,4.372795e-02,4.355527e-02,4.175900e-02,4.018724e-02,3.753907e-02,3.667581e-02,3.620658e-02,3.557363e-02,3.542878e-02,3.514440e-02,3.324796e-02,3.288638e-02,3.262130e-02,4.413560e-02,4.091123e+00,1.839618e-03,3.664567e-01,-1.185321e-02,-8.124834e-04,-2.416233e-04
1.459485e-01,1.149931e-01,1.029569e-01,9.997206e-02,9.191970e-02,8.392508e-02,6.813907e-02,6.425346e-02,5.700281e-02,5.638698e-02,5.190229e-02,4.210345e-02,3.974066e-02,3.953426e-02,3.813833e-02,3.661733e-02,3.405301e-02,3.083753e-02,3.017976e-02,2.889241e-02,2.775451e-02,2.557755e-02,2.477575e-02,2.408569e-02,5.638698e-02,4.084249e+00,1.566806e-02,2.613988e-01,-1.471927e-02,-1.119794e-03,-3.083676e-04
6.590159e-02,6.534019e-02,6.456324e-02,5.535613e-02,5.148179e-02,5.109323e-02,4.911412e-02,4.558615e-02,4.327576e-02,3.970018e-02,3.869080e-02,3.570646e-02,3.451928e-02,3.212518e-02,3.135436e-02,3.123951e-02,3.055062e-02,2.914138e-02,2.869554e-02,2.794089e-02,2.778897e-02,2.712433e-02,2.658440e-02,2.554161e-02,3.970018e-02,4.120924e+00,1.346080e-02,2.696289e-01,-1.449910e-02,-1.085795e-03,-3.094192e-04
8.120258e-02,7.005153e-02,6.918211e-02,5.963772e-02,5.317608e-02,4.785466e-02,4.568999e-02,4.488340e-02,4.394684e-02,4.331748e-02,4.057878e-02,3.977203e-02,3.903403e-02,3.622167e-02,3.592428e-02,3.410007e-02,3.340247e-02,3.077124e-02,3.070465e-02,3.060193e-02,3.003918e-02,2.908366e-02,2.798883e-02,2.657758e-02,4.331748e-02,4.100519e+00,4.319798e-03,3.232193e-01,-1.243309e-02,-8.672455e-04,-2.670878e-04
6.205968e-02,3.282423e-02,3.189928e-02,3.106647e-02,2.846882e-02,2.714953e-02,2.251130e-02,1.280953e-02,8.688717e-03,6.412268e-03,6.010436e-03,5.844765e-03,4.286721e-03,3.924167e-03,3.576473e-03,3.298029e-03,3.145994e-03,2.813678e-03,2.738122e-03,2.574457e-03,2.360291e-03,2.088361e-03,1.994691e-03,1.925101e-03,6.412268e-03,4.090275e+00,2.131257e-03,3.588579e-01,-1.192572e-02,-8.127809e-04,-2.457948e-04
1.757319e-01,7.195233e-02,6.497872e-02,5.737362e-02,5.560642e-02,5.336347e-02,5.330205e-02,5.036098e-02,4.920254e-02,4.828625e-02,4.480281e-02,4.145503e-02,4.064225e-02,3.837067e-02,3.468862e-02,3.317964e-02,3.302539e-02,3.228192e-02,3.193398e-02,2.924347e-02,2.764399e-02,2.658364e-02,2.627019e-02,2.523630e-02,4.828625e-02,4.069121e+00,3.713356e-03,3.300241e-01,-1.217577e-02,-8.315823e-04,-2.588787e-04
1.429388e-01,1.228835e-01,1.169425e-01,9.723509e-02,9.449382e-02,8.870668e-02,8.019304e-02,7.744744e-02,7.361240e-02,6.821418e-02,6.476049e-02,6.268417e-02,6.085851e-02,5.804273e-02,5.731035e-02,5.409010e-02,5.314197e-02,5.113758e-02,5.008109e-02,4.945030e-02,4.867415e-02,4.777478e-02,4.592430e-02,4.362438e-02,6.821418e-02,4.090948e+00,3.686805e-03,3.309146e-01,-1.226201e-02,-8.428252e-04,-2.613200e-04
1.811357e-01,1.294638e-01,6.316945e-02,6.114380e-02,5.289418e-02,4.548984e-02,4.259249e-02,3.666606e-02,3.495451e-02,2.967706e-02,2.934559e-02,2.728400e-02,2.566047e-02,2.425248e-02,2.341098e-02,2.056018e-02,1.831336e-02,1.623791e-02,1.567876e-02,1.487299e-02,1.342743e-02,1.306441e-02,1.237685e-02,1.127596e-02,2.967706e-02,4.064510e+00,1.422695e-02,2.650687e-01,-1.418486e-02,-1.035289e-03,-3.056616e-04
6.785035e-02,3.594627e-02,2.629109e-02,2.575894e-02,2.451167e-02,1.675836e-02,1.517730e-02,1.284230e-02,1.165794e-02,6.661714e-03,6.177265e-03,5.411169e-03,4.598028e-03,3.885078e-03,3.646386e-03,3.436852e-03,3.172515e-03,2.894277e-03,2.824717e-03,2.082639e-03,2.009338e-03,1.690926e-03,1.522483e-03,1.520648e-03,6.661714e-03,4.041803e+00,1.590914e-02,2.596534e-01,-1.452293e-02,-1.086704e-03,-3.044241e-04
2.157538e-01,1.788728e-01,1.175018e-01,1.001586e-01,7.346188e-02,6.872581e-02,6.328129e-02,5.524796e-02,5.388367e-02,5.114451e-02,4.997747e-02,4.858471e-02,4.638814e-02,4.149382e-02,3.468596e-02,3.254989e-02,2.968484e-02,2.802104e-02,2.640271e-02,2.551326e-02,2.354003e-02,2.339574e-02,2.220065e-02,2.204359e-02,5.114451e-02,4.079424e+00,1.430120e-02,2.651114e-01,-1.426485e-02,-1.037596e-03,-3.075282e-04
1.448931e-01,7.911573e-02,6.144393e-02,5.483289e-02,4.234031e-02,3.665844e-02,3.067044e-02,3.028388e-02,2.373976e-02,1.931624e-02,1.685987e-02,1.388629e-02,1.340021e-02,1.228884e-02,1.114615e-02,1.013915e-02,9.603996e-03,8.112077e-03,7.556977e-03,7.032809e-03,6.444678e-03,6.318704e-03,6.249649e-03,5.922230e-03,1.931624e-02,4.034578e+00,8.257905e-03,2.897217e-01,-1.290023e-02,-9.613759e-04,-2.761809e-04
9.452609e-02,6.102946e-02,6.073130e-02,5.904972e-02,4.626580e-02,4.053851e-02,3.926355e-02,3.782995e-02,3.075105e-02,2.592406e-02,2.453410e-02,2.083686e-02,1.975934e-02,1.774663e-02,1.733706e-02,1.694319e-02,1.417919e-02,1.204290e-02,1.187849e-02,1.024599e-02,8.924966e-03,8.108625e-03,7.934770e-03,6.904617e-03,2.592406e-02,4.062554e+00,1.804268e-02,2.545882e-01,-1.494763e-02,-1.120693e-03,-3.143833e-04
1.725074e-01,1.204919e-01,1.007585e-01,8.496467e-02,7.822017e-02,6.187681e-02,5.868957e-02,5.383713e-02,4.615328e-02,4.067180e-02,3.478893e-02,3.472825e-02,3.319594e-02,3.092652e-02,2.788879e-02,2.579189e-02,2.306971e-02,2.129039e-02,2.091557e-02,1.764575e-02,1.680258e-02,1.659064e-02,1.478388e-02,1.415540e-02,4.067180e-02,4.068069e+00,1.786057e-02,2.554826e-01,-1.483429e-02,-1.057125e-03,-3.201720e-04
2.025167e-01,1.647729e-01,1.143864e-01,7.891377e-02,6.624109e-02,5.387219e-02,4.436490e-02,3.812140e-02,3.648185e-02,3.227734e-02,3.167855e-02,2.909618e-02,2.788909e-02,2.522805e-02,2.328416e-02,2.113408e-02,2.066852e-02,1.950835e-02,1.744842e-02,1.648033e-02,1.583548e-02,1.532790e-02,1.488352e-02,1.452232e-02,3.227734e-02,4.068985e+00,1.805564e-02,2.552499e-01,-1.492919e-02,-1.053781e-03,-3.222363e-04
1.709092e-01,1.576171e-01,1.449977e-01,1.355914e-01,1.159766e-01,1.078745e-01,1.053115e-01,9.706524e-02,8.651082e-02,7.870940e-02,7.453933e-02,6.179926e-02,5.710208e-02,4.850544e-02,4.547770e-02,4.360561e-02,4.172361e-02,3.849555e-02,3.510227e-02,3.393459e-02,3.255781e-02,3.134226e-02,3.079551e-02,2.892323e-02,7.870940e-02,4.081388e+00,1.276659e-02,2.697514e-01,-1.393446e-02,-1.055813e-03,-2.979144e-04
2.351644e-01,1.555222e-01,1.458212e-01,8.658872e-02,8.508878e-02,7.724646e-02,7.624035e-02,6.858928e-02,6.587097e-02,5.857189e-02,5.526489e-02,4.558861e-02,4.548091e-02,4.264828e-02,4.132508e-02,4.087410e-02,4.077929e-02,3.668759e-02,3.466342e-02,3.443475e-02,3.229520e-02,3.071796e-02,3.035397e-02,3.030952e-02,5.857189e-02,4.128046e+00,2.459806e-02,2.458159e-01,-1.619471e-02,-1.016437e-03,-3.686333e-04
6.735760e-02,4.910204e-02,4.299984e-02,3.995145e-02,3.763212e-02,2.713756e-02,2.635853e-02,2.434164e-02,2.279081e-02,1.464961e-02,1.227743e-02,1.114539e-02,1.051979e-02,7.995742e-03,6.757357e-03,6.627082e-03,5.898495e-03,5.338449e-03,4.996392e-03,4.412490e-03,4.211700e-03,3.917103e-03,3.864367e-03,3.238344e-03,1.464961e-02,4.054755e+00,1.579450e-02,2.604318e-01,-1.462029e-02,-1.107025e-03,-3.048052e-04
1.567431e-01,1.069301e-01,1.046249e-01,6.249812e-02,4.959759e-02,4.614569e-02,4.558470e-02,3.880541e-02,3.348873e-02,3.225598e-02,2.804446e-02,2.363903e-02,2.203455e-02,2.194313e-02,1.837640e-02,1.673319e-02,1.583326e-02,1.413246e-02,1.410067e-02,1.367535e-02,1.248127e-02,1.187009e-02,1.024488e-02,9.612854e-03,3.225598e-02,4.051788e+00,1.260930e-02,2.704136e-01,-1.391176e-02,-1.061656e-03,-2.941881e-04
9.400025e-02,7.872931e-02,7.404901e-02,5.788807e-02,4.586856e-02,4.213356e-02,3.688465e-02,3.564069e-02,3.298850e-02,3.173972e-02,3.058281e-02,2.965865e-02,2.852130e-02,2.593291e-02,2.496391e-02,2.252886e-02,2.125495e-02,1.705301e-02,1.403623e-02,1.277880e-02,1.273063e-02,1.235324e-02,1.143734e-02,1.091100e-02,3.173972e-02,4.109583e+00,1.741169e-02,2.573353e-01,-1.508092e-02,-1.106262e-03,-3.219458e-04
1.239394e-01,6.898275e-02,5.657829e-02,5.123827e-02,4.464380e-02,4.098224e-02,3.073609e-02,2.543149e-02,2.481720e-02,2.348270e-02,2.171508e-02,1.612252e-02,1.513689e-02,1.499991e-02,1.198200e-02,1.099510e-02,1.091648e-02,1.078486e-02,1.072536e-02,8.929513e-03,8.441999e-03,7.404450e-03,6.960869e-03,6.568063e-03,2.348270e-02,4.075953e+00,3.211456e-03,3.370292e-01,-1.200123e-02,-8.390576e-04,-2.535018e-04
3.841082e-01,1.294731e-01,8.351930e-02,7.759229e-02,6.336626e-02,5.319588e-02,5.159914e-02,4.439144e-02,3.515018e-02,3.255630e-02,3.168222e-02,3.018009e-02,2.710532e-02,2.383630e-02,2.298553e-02,2.262075e-02,2.193163e-02,2.120362e-02,1.915335e-02,1.820445e-02,1.715716e-02,1.507440e-02,1.452065e-02,1.339821e-02,3.255630e-02,4.055768e+00,1.007721e-02,2.810662e-01,-1.340631e-02,-1.007548e-03,-2.866651e-04
1.735597e-01,8.338828e-02,7.916224e-02,6.966202e-02,6.736496e-02,6.453440e-02,5.134362e-02,4.510114e-02,4.201791e-02,3.291457e-02,3.110603e-02,2.817402e-02,2.423240e-02,2.183458e-02,2.160719e-02,2.035542e-02,1.990322e-02,1.943737e-02,1.919928e-02,1.909663e-02,1.789359e-02,1.705220e-02,1.572888e-02,1.491494e-02,3.291457e-02,4.087399e+00,1.392674e-02,2.666311e-01,-1.425346e-02,-1.035365e-03,-3.084768e-04
5.661960e-02,4.470730e-02,3.561469e-02,1.416137e-02,1.142641e-02,9.863484e-03,8.948534e-03,5.940961e-03,5.489505e-03,3.194780e-03,2.929533e-03,2.922187e-03,2.538702e-03,1.872213e-03,1.810230e-03,1.502429e-03,1.181955e-03,1.054258e-03,1.010869e-03,8.273088e-04,6.584225e-04,6.048160e-04,5.606133e-04,5.322542e-04,3.194780e-03,4.051756e+00,1.686499e-02,2.575149e-01,-1.463053e-02,-1.048166e-03,-3.140150e-04
1.413502e-01,1.259117e-01,1.240250e-01,9.562435e-02,8.553226e-02,7.215413e-02,6.802942e-02,6.535871e-02,5.307571e-02,5.272852e-02,5.040470e-02,4.609164e-02,4.280264e-02,4.259887e-02,3.864865e-02,3.560617e-02,3.424382e-02,3.218180e-02,3.073084e-02,3.005154e-02,2.844447e-02,2.744463e-02,2.644832e-02,2.639036e-02,5.272852e-02,4.110484e+00,1.813548e-02,2.555114e-01,-1.520694e-02,-1.131952e-03,-3.222188e-04
2.235324e-01,1.433159e-01,8.594843e-02,5.415598e-02,3.873214e-02,3.740496e-02,3.600043e-02,3.156873e-02,2.850202e-02,2.447699e-02,2.294994e-02,2.202527e-02,1.994554e-02,1.935121e-02,1.574334e-02,1.472444e-02,1.355054e-02,1.156247e-02,1.016549e-02,1.001945e-02,8.944020e-03,8.595691e-03,8.198124e-03,7.884053e-03,2.447699e-02,4.048211e+00,1.927701e-02,2.517422e-01,-1.497395e-02,-1.085836e-03,-3.207061e-04
1.982250e-01,1.495698e-01,1.255372e-01,9.990139e-02,5.217812e-02,5.045527e-02,4.626619e-02,4.515847e-02,3.680792e-02,3.264749e-02,3.203248e-02,2.760449e-02,2.532472e-02,2.393849e-02,2.364945e-02,2.110379e-02,2.028409e-02,1.857563e-02,1.846213e-02,1.749456e-02,1.689341e-02,1.656262e-02,1.466796e-02,1.414870e-02,3.264749e-02,4.059019e+00,2.249978e-02,2.455702e-01,-1.574944e-02,-1.127112e-03,-3.308431e-04
3.551635e-01,3.147762e-01,2.597923e-01,2.333458e-01,1.999470e-01,1.807638e-01,1.672134e-01,1.361694e-01,1.334326e-01,1.206482e-01,1.154060e-01,1.113636e-01,9.959753e-02,9.266417e-02,9.088809e-02,8.961452e-02,8.475586e-02,8.118379e-02,8.007298e-02,7.598029e-02,7.055412e-02,6.817049e-02,6.587842e-02,6.430844e-02,1.206482e-01,4.336202e+00,1.817754e-02,2.648074e-01,-1.588903e-02,-9.266495e-04,-3.978486e-04
2.363364e-01,1.962443e-01,1.801935e-01,1.618218e-01,1.531257e-01,1.316397e-01,1.203824e-01,1.105286e-01,1.013030e-01,9.216998e-02,8.634989e-02,7.866932e-02,7.102828e-02,6.897751e-02,6.782055e-02,6.207031e-02,5.964345e-02,5.613722e-02,5.599404e-02,5.401978e-02,5.302120e-02,4.956398e-02,4.798187e-02,4.619393e-02,9.216998e-02,4.306982e+00,1.975820e-02,2.602799e-01,-1.611716e-02,-9.289740e-04,-3.963677e-04
2.881357e-01,2.241807e-01,1.501018e-01,1.109895e-01,8.718516e-02,8.317418e-02,8.137156e-02,6.589959e-02,5.773810e-02,5.161713e-02,4.886156e-02,4.775421e-02,3.931981e-02,3.246018e-02,3.196321e-02,3.025501e-02,2.770567e-02,2.634982e-02,2.443316e-02,2.413464e-02,2.272102e-02,2.159581e-02,2.048143e-02,2.015294e-02,5.161713e-02,4.094977e+00,1.575562e-02,2.617822e-01,-1.466172e-02,-1.063325e-03,-3.168194e-04
3.218716e-01,1.088568e-01,1.078292e-01,9.938206e-02,8.890657e-02,6.689656e-02,5.689226e-02,5.107671e-02,4.776878e-02,4.630218e-02,4.165899e-02,3.874192e-02,3.206535e-02,3.125649e-02,2.897935e-02,2.863996e-02,2.793870e-02,2.635105e-02,2.364631e-02,2.156180e-02,2.041855e-02,1.950943e-02,1.906194e-02,1.887534e-02,4.630218e-02,4.066625e+00,1.562587e-02,2.611190e-01,-1.462468e-02,-1.111383e-03,-3.058027e-04
2.023794e-01,1.118296e-01,9.882987e-02,8.840151e-02,8.697742e-02,8.361758e-02,6.782151e-02,6.727419e-02,5.642024e-02,5.363739e-02,5.224937e-02,4.610454e-02,4.519614e-02,4.116070e-02,3.767995e-02,3.526958e-02,2.836511e-02,2.515171e-02,2.339548e-02,2.239750e-02,2.127154e-02,2.048557e-02,1.882299e-02,1.814766e-02,5.363739e-02,4.106586e+00,1.481563e-02,2.644536e-01,-1.453603e-02,-1.051938e-03,-3.149968e-04
1.565587e-01,1.066163e-01,8.746286e-02,8.345613e-02,6.333856e-02,5.771402e-02,5.408065e-02,4.608066e-02,4.109005e-02,4.025317e-02,3.970286e-02,3.810154e-02,3.589404e-02,2.959269e-02,2.937917e-02,2.661914e-02,2.247027e-02,2.172272e-02,2.087356e-02,1.836593e-02,1.819319e-02,1.720931e-02,1.597018e-02,1.538518e-02,4.025317e-02,4.071538e+00,1.519745e-02,2.625393e-01,-1.440624e-02,-1.033928e-03,-3.117702e-04
1.791829e-01,1.388031e-01,1.129269e-01,1.072371e-01,1.010100e-01,9.860950e-02,8.378894e-02,7.942532e-02,7.292878e-02,6.772635e-02,6.565687e-02,6.387320e-02,6.168202e-02,5.833520e-02,5.538240e-02,5.271044e-02,5.174026e-02,5.108515e-02,4.938864e-02,4.544174e-02,4.415170e-02,4.170126e-02,4.150817e-02,4.020611e-02,6.772635e-02,4.342297e+00,1.210719e-02,2.821880e-01,-1.475676e-02,-8.638657e-04,-3.683456e-04
5.474789e-02,5.202804e-02,4.772148e-02,3.702344e-02,2.824590e-02,2.321557e-02,2.205739e-02,1.790042e-02,1.519539e-02,1.307859e-02,1.024408e-02,8.571649e-03,8.474995e-03,6.869021e-03,6.251320e-03,5.727864e-03,4.828377e-03,4.812484e-03,4.632720e-03,3.785086e-03,3.648369e-03,3.239297e-03,3.126113e-03,3.023239e-03,1.307859e-02,4.051853e+00,1.247203e-02,2.709464e-01,-1.388215e-02,-1.058566e-03,-2.936627e-04
1.000762e-01,9.505923e-02,7.509391e-02,5.377785e-02,4.141766e-02,3.767625e-02,2.940218e-02,2.872630e-02,2.568148e-02,2.339011e-02,2.049614e-02,1.987222e-02,1.708107e-02,1.531579e-02,1.284518e-02,1.150168e-02,1.103115e-02,1.000265e-02,8.559711e-03,8.241151e-03,7.872667e-03,7.102670e-03,6.571205e-03,6.418658e-03,2.339011e-02,4.058868e+00,1.522691e-02,2.620885e-01,-1.433468e-02,-1.032037e-03,-3.095725e-04
3.859852e-01,1.935807e-01,1.834956e-01,1.148227e-01,1.122686e-01,9.330988e-02,7.726085e-02,7.109879e-02,7.022336e-02,6.292700e-02,5.876109e-02,4.917216e-02,4.407605e-02,4.310198e-02,3.955081e-02,3.806941e-02,3.656197e-02,3.533357e-02,3.495364e-02,3.318180e-02,2.999196e-02,2.973031e-02,2.817852e-02,2.753398e-02,6.292700e-02,4.097658e+00,1.154394e-02,2.771566e-01,-1.359700e-02,-8.596719e-04,-3.172572e-04
7.277045e-02,7.222094e-02,6.374030e-02,5.584010e-02,5.073669e-02,4.456872e-02,4.433356e-02,3.514757e-02,3.252491e-02,3.011972e-02,2.903110e-02,2.848512e-02,2.272964e-02,2.087775e-02,1.805436e-02,1.772673e-02,1.770827e-02,1.549536e-02,1.504060e-02,1.139090e-02,1.050762e-02,1.009927e-02,9.550735e-03,9.375249e-03,3.011972e-02,4.072212e+00,1.356600e-02,2.677162e-01,-1.422258e-02,-1.083009e-03,-3.003962e-04
1.000885e-01,6.311165e-02,6.234785e-02,5.637994e-02,5.442872e-02,3.768044e-02,3.329480e-02,3.144566e-02,2.976033e-02,2.519184e-02,1.989884e-02,1.621530e-02,1.404912e-02,1.298356e-02,1.203476e-02,1.109073e-02,1.051261e-02,1.007219e-02,9.115690e-03,8.755321e-03,8.228603e-03,7.894841e-03,7.821446e-03,6.974015e-03,2.519184e-02,4.105199e+00,1.823930e-02,2.556873e-01,-1.515254e-02,-1.061579e-03,-3.287735e-04
1.351329e-01,8.546841e-02,8.086171e-02,7.370863e-02,7.148710e-02,6.399995e-02,5.637011e-02,3.452248e-02,3.141810e-02,2.826288e-02,2.730977e-02,2.659769e-02,2.102097e-02,1.916811e-02,1.863366e-02,1.675166e-02,1.554511e-02,1.530487e-02,1.418490e-02,1.338155e-02,1.241042e-02,1.202261e-02,1.167004e-02,1.118284e-02,2.826288e-02,4.090977e+00,1.006708e-02,2.837650e-01,-1.324777e-02,-8.092805e-04,-3.129986e-04
6.788202e-02,6.307634e-02,5.933832e-02,5.589623e-02,5.338875e-02,4.933507e-02,4.657328e-02,4.489806e-02,4.056667e-02,4.015574e-02,3.848695e-02,3.747295e-02,3.709568e-02,3.502324e-02,3.169257e-02,3.111137e-02,2.994353e-02,2.943127e-02,2.886455e-02,2.769047e-02,2.737174e-02,2.716457e-02,2.620412e-02,2.521501e-02,4.015574e-02,4.301036e+00,1.120801e-02,2.834839e-01,-1.456587e-02,-9.311808e-04,-3.470464e-04
5.460910e-02,4.601916e-02,4.579633e-02,4.046321e-02,3.178053e-02,3.054391e-02,2.154802e-02,1.326006e-02,1.115387e-02,1.098906e-02,1.039008e-02,9.601632e-03,8.577387e-03,7.257803e-03,6.580946e-03,5.660241e-03,5.083578e-03,4.925545e-03,4.401621e-03,4.325377e-03,4.093850e-03,3.818033e-03,3.206178e-03,2.860494e-03,1.098906e-02,4.078728e+00,1.904417e-02,2.530317e-01,-1.509872e-02,-1.078695e-03,-3.257240e-04
1.386399e-01,1.304911e-01,1.227653e-01,8.773470e-02,6.888224e-02,6.033948e-02,5.302835e-02,4.775769e-02,4.109956e-02,4.087410e-02,4.051824e-02,3.786099e-02,3.734768e-02,3.377314e-02,3.183515e-02,3.084301e-02,2.769570e-02,2.644298e-02,2.531497e-02,2.356282e-02,2.145530e-02,2.115693e-02,1.897123e-02,1.778492e-02,4.087410e-02,4.101103e+00,1.576257e-02,2.652132e-01,-1.428280e-02,-8.325531e-04,-3.450278e-04
9.242772e-02,6.460123e-02,6.369932e-02,5.415063e-02,4.884195e-02,4.208195e-02,3.913245e-02,3.153860e-02,3.025783e-02,2.970399e-02,2.681683e-02,2.337472e-02,2.133211e-02,2.121988e-02,2.108418e-02,1.639713e-02,1.166617e-02,1.164630e-02,1.161073e-02,1.149970e-02,1.106687e-02,1.091893e-02,1.005774e-02,8.791580e-03,2.970399e-02,4.072436e+00,1.407833e-02,2.659423e-01,-1.412707e-02,-1.022217e-03,-3.079360e-04
8.979563e-02,8.057847e-02,6.248330e-02,6.163809e-02,5.247328e-02,5.242468e-02,5.186952e-02,4.389874e-02,4.044070e-02,4.000113e-02,3.992238e-02,3.663891e-02,3.476592e-02,3.085752e-02,2.959258e-02,2.578277e-02,2.511399e-02,2.374296e-02,2.325660e-02,2.162299e-02,2.144001e-02,1.960153e-02,1.926292e-02,1.847319e-02,4.000113e-02,4.139535e+00,1.607427e-02,2.652643e-01,-1.452130e-02,-8.376551e-04,-3.519335e-04
1.935401e-01,1.462423e-01,1.437018e-01,1.335467e-01,1.157624e-01,7.878774e-02,6.876440e-02,5.491572e-02,5.307894e-02,5.212635e-02,4.304435e-02,4.293289e-02,4.194548e-02,3.775821e-02,3.684353e-02,3.653545e-02,3.401507e-02,3.377660e-02,3.141967e-02,2.867138e-02,2.623912e-02,2.607280e-02,2.474403e-02,2.391317e-02,5.212635e-02,4.071064e+00,1.537061e-02,2.652030e-01,-1.396816e-02,-8.435286e-04,-3.360588e-04
2.281852e-01,2.006151e-01,1.335138e-01,9.486699e-02,7.838847e-02,5.386880e-02,5.093438e-02,4.571500e-02,4.350536e-02,4.200997e-02,3.835837e-02,3.411281e-02,3.381363e-02,3.348654e-02,3.031521e-02,2.880314e-02,2.703722e-02,2.472648e-02,2.430951e-02,2.228224e-02,2.151041e-02,2.107743e-02,2.053253e-02,1.959505e-02,4.200997e-02,4.065273e+00,1.666029e-02,2.604451e-01,-1.430144e-02,-9.488133e-04,-3.296538e-04
8.900323e-02,8.131645e-02,7.837897e-02,5.841143e-02,4.608085e-02,4.289120e-02,3.392402e-02,3.274756e-02,2.414404e-02,2.271981e-02,1.987818e-02,1.863183e-02,1.601761e-02,1.531894e-02,1.383873e-02,1.175825e-02,1.164476e-02,1.094308e-02,9.820840e-03,9.598923e-03,8.317222e-03,7.643359e-03,6.804430e-03,6.458155e-03,2.271981e-02,4.080859e+00,1.518682e-02,2.659484e-01,-1.398072e-02,-8.457614e-04,-3.367372e-04
1.943644e-01,1.248139e-01,9.748844e-02,9.511505e-02,7.561332e-02,6.779625e-02,6.612073e-02,5.627013e-02,5.112876e-02,4.580197e-02,4.345449e-02,4.337667e-02,3.872398e-02,3.521036e-02,3.431819e-02,3.173514e-02,3.077579e-02,2.849492e-02,2.797617e-02,2.744452e-02,2.474088e-02,2.325656e-02,2.318915e-02,2.265412e-02,4.580197e-02,4.104900e+00,1.280531e-02,2.739859e-01,-1.364404e-02,-8.035801e-04,-3.314792e-04
2.956215e-01,2.249701e-01,1.256907e-01,1.016053e-01,8.370805e-02,7.805130e-02,7.531083e-02,7.073814e-02,6.164370e-02,5.666375e-02,5.225258e-02,4.983834e-02,4.471428e-02,4.327000e-02,4.030694e-02,3.991288e-02,3.727950e-02,3.365363e-02,3.228088e-02,3.056320e-02,2.981473e-02,2.850585e-02,2.669005e-02,2.553054e-02,5.666375e-02,4.090248e+00,1.239002e-02,2.752072e-01,-1.350849e-02,-8.018228e-04,-3.282268e-04
5.770526e-02,5.584487e-02,5.079052e-02,4.415332e-02,4.405019e-02,4.135012e-02,3.859488e-02,3.825672e-02,3.426875e-02,3.008328e-02,2.728238e-02,2.451301e-02,1.901244e-02,1.880606e-02,1.793347e-02,1.623904e-02,1.495605e-02,1.462026e-02,1.223143e-02,9.678859e-03,9.420912e-03,9.258986e-03,9.028750e-03,8.991028e-03,3.008328e-02,4.122401e+00,1.326557e-02,2.731106e-01,-1.388839e-02,-8.021571e-04,-3.385457e-04
2.283010e-01,1.501565e-01,9.656873e-02,9.206061e-02,8.526190e-02,6.323352e-02,5.781170e-02,5.380344e-02,4.498651e-02,4.430343e-02,4.068624e-02,3.465465e-02,3.297305e-02,3.065671e-02,2.976677e-02,2.731794e-02,2.676656e-02,2.649828e-02,2.548516e-02,2.203214e-02,2.202358e-02,2.060012e-02,1.827493e-02,1.799297e-02,4.430343e-02,4.059808e+00,2.221158e-02,2.458276e-01,-1.559846e-02,-1.143032e-03,-3.284186e-04
1.098515e-01,7.849566e-02,7.595775e-02,7.389115e-02,6.080159e-02,5.638635e-02,5.454199e-02,4.646467e-02,4.375797e-02,4.186662e-02,4.022701e-02,3.717777e-02,3.405454e-02,3.030363e-02,2.792558e-02,2.782929e-02,2.677086e-02,2.527330e-02,2.256130e-02,2.180557e-02,1.902491e-02,1.869669e-02,1.744302e-02,1.710979e-02,4.186662e-02,4.110367e+00,1.314040e-02,2.732284e-01,-1.379444e-02,-8.046687e-04,-3.357407e-04
1.707609e-01,1.453270e-01,1.255921e-01,1.173792e-01,1.016903e-01,6.891448e-02,6.320314e-02,5.134365e-02,5.078890e-02,4.756572e-02,3.869787e-02,3.725293e-02,3.590738e-02,3.506351e-02,3.306177e-02,3.186961e-02,2.866199e-02,2.787983e-02,2.584887e-02,2.372600e-02,2.220118e-02,1.989949e-02,1.815718e-02,1.739793e-02,4.756572e-02,4.054921e+00,1.885392e-02,2.521571e-01,-1.489867e-02,-1.104595e-03,-3.158169e-04
1.101202e-01,9.310165e-02,8.776281e-02,8.141328e-02,7.586560e-02,7.120088e-02,6.764773e-02,5.976556e-02,5.697361e-02,4.859296e-02,4.414288e-02,3.732977e-02,3.509320e-02,3.188459e-02,2.929970e-02,2.729287e-02,2.513780e-02,2.297646e-02,2.261459e-02,2.240898e-02,2.220923e-02,2.000973e-02,1.913894e-02,1.707953e-02,4.859296e-02,4.119495e+00,2.731705e-02,2.467750e-01,-1.614181e-02,-8.052276e-04,-4.131539e-04
6.580000e-02,5.809434e-02,5.180576e-02,5.029034e-02,4.809064e-02,3.481539e-02,3.226050e-02,2.504505e-02,2.493967e-02,2.329461e-02,2.164098e-02,2.143949e-02,1.775057e-02,1.610690e-02,1.287701e-02,1.229999e-02,1.155615e-02,1.100882e-02,1.003785e-02,9.359398e-03,8.259496e-03,7.640162e-03,7.008680e-03,6.395638e-03,2.329461e-02,4.100034e+00,1.451173e-02,2.670160e-01,-1.413094e-02,-8.972372e-04,-3.291761e-04
3.801947e-01,1.863311e-01,1.088341e-01,9.470332e-02,7.871772e-02,7.052281e-02,6.442935e-02,6.274889e-02,5.530746e-02,5.116867e-02,4.717837e-02,4.546272e-02,4.349662e-02,4.037046e-02,3.403529e-02,3.174404e-02,3.043103e-02,2.936654e-02,2.783792e-02,2.713359e-02,2.364310e-02,2.278271e-02,2.225561e-02,2.130335e-02,5.116867e-02,4.067088e+00,7.201805e-03,2.967549e-01,-1.276068e-02,-9.428074e-04,-2.751902e-04
3.866995e-01,2.194250e-01,1.170913e-01,9.818075e-02,8.985625e-02,8.540475e-02,7.137301e-02,6.171407e-02,5.963465e-02,5.646779e-02,5.253770e-02,5.084862e-02,4.709499e-02,4.425177e-02,4.418370e-02,3.963455e-02,3.848953e-02,3.554624e-02,3.233686e-02,2.959847e-02,2.865714e-02,2.835555e-02,2.691267e-02,2.532612e-02,5.646779e-02,4.064809e+00,1.955682e-02,2.511166e-01,-1.512916e-02,-1.119534e-03,-3.212793e-04
8.508174e-02,7.187659e-02,4.839398e-02,4.780491e-02,3.680272e-02,3.592055e-02,3.490592e-02,3.154718e-02,2.938780e-02,2.408890e-02,2.401091e-02,2.191272e-02,1.909413e-02,1.351430e-02,1.029445e-02,9.022266e-03,8.367300e-03,8.017837e-03,7.823999e-03,7.427155e-03,6.372176e-03,6.177887e-03,5.513128e-03,5.180555e-03,2.408890e-02,4.057467e+00,7.934666e-03,2.925359e-01,-1.300508e-02,-9.450911e-04,-2.799373e-04
1.856300e-01,9.932123e-02,6.149337e-02,5.545888e-02,4.713583e-02,4.305207e-02,4.293089e-02,4.230679e-02,4.032743e-02,3.821955e-02,3.697652e-02,3.544119e-02,3.445436e-02,3.165570e-02,2.626567e-02,2.603935e-02,2.461589e-02,2.385038e-02,2.321490e-02,2.298910e-02,2.037329e-02,1.942978e-02,1.637970e-02,1.499393e-02,3.821955e-02,4.079099e+00,1.236481e-02,2.725819e-01,-1.406147e-02,-1.058096e-03,-2.993361e-04
7.647118e-02,7.053005e-02,5.044122e-02,4.035096e-02,3.208639e-02,2.618793e-02,2.587139e-02,2.383109e-02,1.631745e-02,1.278057e-02,1.237879e-02,1.088232e-02,9.136803e-03,8.176111e-03,7.267464e-03,6.557386e-03,6.428328e-03,5.852851e-03,5.144934e-03,5.030963e-03,4.991941e-03,4.907718e-03,4.016991e-03,3.966044e-03,1.278057e-02,4.054281e+00,2.551665e-03,3.485470e-01,-1.183955e-02,-8.066689e-04,-2.459038e-04
2.061448e-01,9.526324e-02,5.227802e-02,4.640235e-02,3.737732e-02,3.471771e-02,3.201062e-02,3.167871e-02,3.061204e-02,2.535444e-02,2.485966e-02,1.800716e-02,1.742202e-02,1.483772e-02,1.399244e-02,1.148237e-02,1.071276e-02,9.509389e-03,9.194456e-03,8.448562e-03,8.069781e-03,7.607543e-03,7.247087e-03,6.666543e-03,2.535444e-02,4.059023e+00,1.447651e-02,2.643627e-01,-1.434111e-02,-1.065900e-03,-3.035397e-04
7.720576e-02,6.321930e-02,5.711238e-02,4.609745e-02,3.897639e-02,3.494372e-02,2.933942e-02,2.850314e-02,2.578263e-02,2.436890e-02,2.261741e-02,1.839756e-02,1.768950e-02,1.767145e-02,1.460017e-02,1.238730e-02,9.006633e-03,8.173339e-03,8.049121e-03,7.302222e-03,6.590182e-03,6.447393e-03,5.825648e-03,5.544142e-03,2.436890e-02,4.067968e+00,9.578538e-03,2.840497e-01,-1.342411e-02,-9.776680e-04,-2.884349e-04
2.141578e-01,1.470928e-01,1.346933e-01,1.061655e-01,9.605578e-02,9.507309e-02,8.361892e-02,7.010714e-02,6.816955e-02,6.281721e-02,5.658218e-02,5.330156e-02,5.304352e-02,4.749341e-02,4.491063e-02,4.150455e-02,4.066994e-02,3.969160e-02,3.749960e-02,3.629796e-02,3.416463e-02,3.400751e-02,3.269085e-02,3.151080e-02,6.281721e-02,4.101001e+00,1.905729e-02,2.537799e-01,-1.528003e-02,-1.084545e-03,-3.306708e-04
9.386638e-02,8.914381e-02,7.188133e-02,7.142177e-02,5.604932e-02,5.435870e-02,5.070812e-02,3.995769e-02,3.802342e-02,3.789243e-02,3.732169e-02,3.616407e-02,3.314280e-02,3.133924e-02,3.062321e-02,2.827828e-02,2.750807e-02,2.627723e-02,2.566496e-02,2.555544e-02,2.422123e-02,1.969619e-02,1.928191e-02,1.667985e-02,3.789243e-02,4.094103e+00,6.906515e-03,3.001126e-01,-1.295803e-02,-9.316883e-04,-2.808178e-04
1.824693e-01,1.326990e-01,1.042968e-01,8.211471e-02,6.159363e-02,6.041270e-02,5.169005e-02,4.956842e-02,4.653033e-02,4.237614e-02,4.146787e-02,3.972387e-02,3.573755e-02,3.458319e-02,3.437336e-02,3.343718e-02,3.077359e-02,3.062943e-02,3.028530e-02,2.897122e-02,2.744553e-02,2.540972e-02,2.436342e-02,2.331908e-02,4.237614e-02,4.081136e+00,1.572956e-02,2.608501e-01,-1.461757e-02,-1.097983e-03,-3.100525e-04
9.186327e-02,7.668802e-02,6.203968e-02,5.359674e-02,4.840957e-02,4.802742e-02,3.791999e-02,3.574686e-02,3.329838e-02,3.005828e-02,2.717109e-02,2.643418e-02,2.538589e-02,2.311212e-02,2.271538e-02,2.164142e-02,2.075245e-02,1.872931e-02,1.841772e-02,1.762644e-02,1.693853e-02,1.513851e-02,1.456721e-02,1.236107e-02,3.005828e-02,4.078223e+00,3.476993e-03,3.334245e-01,-1.214136e-02,-8.346272e-04,-2.574791e-04
2.895661e-01,2.397543e-01,1.606310e-01,1.290778e-01,1.152485e-01,8.939015e-02,8.241731e-02,7.462397e-02,7.040396e-02,6.201928e-02,5.780417e-02,5.702574e-02,5.195767e-02,4.954278e-02,4.595668e-02,4.443732e-02,4.305246e-02,3.883045e-02,3.741060e-02,3.498916e-02,3.429510e-02,3.244312e-02,3.005682e-02,2.955922e-02,6.201928e-02,4.079364e+00,7.447517e-03,2.960024e-01,-1.297979e-02,-9.500162e-04,-2.804687e-04
9.198980e-02,7.755170e-02,7.097980e-02,6.420197e-02,6.013196e-02,5.548797e-02,5.228988e-02,5.151189e-02,5.033554e-02,4.926182e-02,4.889969e-02,4.888153e-02,4.444778e-02,4.132020e-02,3.584950e-02,3.538553e-02,3.362583e-02,3.255562e-02,3.114336e-02,3.039780e-02,3.005545e-02,2.935479e-02,2.883037e-02,2.831397e-02,4.926182e-02,4.163996e+00,1.845513e-02,2.583832e-01,-1.531883e-02,-9.758075e-04,-3.532332e-04
2.211763e-01,1.504778e-01,1.200554e-01,1.111915e-01,1.053792e-01,7.766625e-02,6.943483e-02,6.764836e-02,6.725540e-02,5.813025e-02,5.188366e-02,5.078726e-02,4.435602e-02,4.190481e-02,3.986590e-02,3.649740e-02,3.485700e-02,3.382368e-02,3.244657e-02,3.141652e-02,3.033721e-02,2.907054e-02,2.823905e-02,2.698030e-02,5.813025e-02,4.125786e+00,7.538593e-03,2.967969e-01,-1.325780e-02,-9.543332e-04,-2.886541e-04
1.713640e-01,1.086913e-01,1.035069e-01,6.992427e-02,6.301586e-02,5.419638e-02,4.975173e-02,4.149762e-02,3.930022e-02,3.580003e-02,3.196485e-02,3.101243e-02,3.085687e-02,2.859775e-02,2.569851e-02,2.469528e-02,2.171904e-02,2.049735e-02,1.746837e-02,1.567594e-02,1.564123e-02,1.455879e-02,1.422501e-02,1.290465e-02,3.580003e-02,4.087786e+00,5.744299e-03,3.088901e-01,-1.269147e-02,-8.871767e-04,-2.742533e-04
1.621970e-01,1.137499e-01,9.121822e-02,8.426420e-02,7.227950e-02,5.726981e-02,5.660757e-02,5.029122e-02,4.133228e-02,3.878501e-02,3.793590e-02,3.560971e-02,3.413647e-02,3.211844e-02,3.071530e-02,3.040424e-02,2.765461e-02,2.678505e-02,2.602445e-02,2.509320e-02,2.337142e-02,2.170103e-02,2.098948e-02,1.894571e-02,3.878501e-02,4.073729e+00,2.201196e-02,2.467558e-01,-1.571195e-02,-1.136437e-03,-3.313754e-04
4.382250e-01,1.456772e-01,1.344290e-01,1.254968e-01,8.766904e-02,8.493807e-02,6.595701e-02,6.381283e-02,6.068079e-02,5.368656e-02,4.747363e-02,4.357918e-02,4.320350e-02,3.897708e-02,3.787528e-02,3.492208e-02,3.134428e-02,3.060976e-02,2.752771e-02,2.639211e-02,2.530993e-02,2.416379e-02,2.361092e-02,2.312858e-02,5.368656e-02,4.052561e+00,5.899310e-03,3.064664e-01,-1.253737e-02,-8.895956e-04,-2.697246e-04
1.187071e-01,9.360654e-02,7.586848e-02,7.258722e-02,6.701024e-02,5.677897e-02,5.474529e-02,5.235004e-02,4.814723e-02,4.541396e-02,4.518874e-02,4.164313e-02,3.932838e-02,3.780763e-02,3.367768e-02,3.184890e-02,3.175229e-02,3.018820e-02,2.915496e-02,2.479613e-02,2.455147e-02,2.212733e-02,2.201065e-02,2.018962e-02,4.541396e-02,4.117774e+00,1.467257e-02,2.684576e-01,-1.420826e-02,-8.307328e-04,-3.422142e-04
7.779406e-02,7.085229e-02,6.672571e-02,6.130782e-02,5.694532e-02,4.764179e-02,4.566400e-02,4.256173e-02,4.062028e-02,3.645519e-02,3.357113e-02,3.320369e-02,3.316340e-02,2.872970e-02,2.672695e-02,2.595545e-02,2.447145e-02,2.361787e-02,2.339754e-02,2.249743e-02,2.196106e-02,2.141085e-02,2.122681e-02,1.912116e-02,3.645519e-02,4.137768e+00,4.728996e-03,3.197829e-01,-1.270835e-02,-8.900542e-04,-2.753744e-04
9.666610e-02,7.123115e-02,6.700961e-02,6.449471e-02,6.085963e-02,5.177250e-02,5.176133e-02,4.477660e-02,4.381147e-02,4.304476e-02,4.074941e-02,3.664110e-02,3.179343e-02,3.148343e-02,2.823582e-02,2.621387e-02,2.334711e-02,2.228986e-02,2.198889e-02,2.120314e-02,2.095393e-02,1.978411e-02,1.711019e-02,1.707475e-02,4.304476e-02,4.118251e+00,1.367780e-02,2.686881e-01,-1.451993e-02,-1.092232e-03,-3.094720e-04
6.064983e-02,5.298022e-02,4.762311e-02,4.710984e-02,2.582241e-02,2.482109e-02,1.751806e-02,1.609628e-02,1.202897e-02,1.134445e-02,1.053060e-02,1.026661e-02,7.386568e-03,6.764402e-03,6.095299e-03,5.193270e-03,4.655557e-03,4.356878e-03,4.230129e-03,3.600573e-03,3.590555e-03,3.336137e-03,3.156891e-03,2.834222e-03,1.134445e-02,4.057670e+00,3.935429e-03,3.267585e-01,-1.216174e-02,-8.338586e-04,-2.587574e-04
9.492435e-02,9.122830e-02,8.236609e-02,7.806637e-02,7.568977e-02,6.531173e-02,5.748297e-02,5.419221e-02,5.033255e-02,4.808163e-02,4.757863e-02,4.179066e-02,4.006331e-02,3.949753e-02,3.892944e-02,3.331008e-02,3.205675e-02,3.020992e-02,2.912163e-02,2.843598e-02,2.684687e-02,2.647782e-02,2.594159e-02,2.515390e-02,4.808163e-02,4.130423e+00,1.492226e-02,2.648501e-01,-1.472298e-02,-1.051929e-03,-3.197027e-04
3.280075e-01,2.166652e-01,9.948289e-02,8.434087e-02,7.502806e-02,6.430102e-02,6.203426e-02,5.272665e-02,5.187415e-02,4.632470e-02,4.475408e-02,4.383097e-02,4.099342e-02,3.870056e-02,3.695504e-02,3.443288e-02,3.076028e-02,2.940415e-02,2.783611e-02,2.746531e-02,2.615336e-02,2.328119e-02,2.191373e-02,2.181185e-02,4.632470e-02,4.049298e+00,1.969774e-03,3.616531e-01,-1.167058e-02,-8.022419e-04,-2.378287e-04
6.665351e-02,6.572338e-02,6.546431e-02,6.510380e-02,5.727865e-02,5.246895e-02,4.829340e-02,4.724806e-02,4.406818e-02,4.291758e-02,4.242468e-02,3.692494e-02,3.582852e-02,3.485798e-02,3.318197e-02,3.078359e-02,2.953125e-02,2.725299e-02,2.699093e-02,2.628561e-02,2.587612e-02,2.586506e-02,2.400834e-02,2.341087e-02,4.291758e-02,4.110547e+00,2.488330e-02,2.451117e-01,-1.616104e-02,-1.024674e-03,-3.662541e-04
1.201657e-01,6.711605e-02,5.865727e-02,5.502496e-02,4.815477e-02,4.363851e-02,4.149395e-02,3.583320e-02,3.571147e-02,3.376523e-02,3.251108e-02,2.969517e-02,2.853352e-02,2.599194e-02,2.559464e-02,2.546050e-02,2.368812e-02,1.999289e-02,1.836896e-02,1.754423e-02,1.403634e-02,1.401653e-02,1.344948e-02,1.149718e-02,3.376523e-02,4.105294e+00,1.018741e-02,2.821804e-01,-1.373937e-02,-1.006678e-03,-2.965489e-04
5.152539e-01,1.600859e-01,8.725317e-02,7.020172e-02,6.965777e-02,6.470672e-02,5.845882e-02,4.820084e-02,4.629969e-02,4.056445e-02,3.588527e-02,3.212156e-02,3.112964e-02,2.990291e-02,2.970941e-02,2.714164e-02,2.662242e-02,2.566353e-02,2.450435e-02,2.288552e-02,2.223427e-02,2.097749e-02,2.022599e-02,1.826775e-02,4.056445e-02,4.059294e+00,6.820032e-03,2.998273e-01,-1.278062e-02,-9.184843e-04,-2.755518e-04
2.407429e-01,2.074973e-01,1.750279e-01,1.346345e-01,9.197060e-02,8.359799e-02,6.440091e-02,5.532521e-02,5.198378e-02,4.184046e-02,3.957530e-02,3.657832e-02,3.584084e-02,3.162990e-02,3.045743e-02,2.943669e-02,2.771222e-02,2.642564e-02,2.414404e-02,2.298026e-02,2.106387e-02,2.058577e-02,1.944582e-02,1.807459e-02,4.184046e-02,4.075937e+00,1.229326e-02,2.744268e-01,-1.359984e-02,-8.336159e-04,-3.207784e-04
1.426092e-01,7.835163e-02,6.667619e-02,6.225751e-02,5.126131e-02,4.435383e-02,4.324363e-02,4.063962e-02,3.431118e-02,3.346328e-02,3.100010e-02,3.093540e-02,2.773830e-02,2.617149e-02,2.478600e-02,2.407476e-02,2.319941e-02,2.260661e-02,2.161797e-02,2.107565e-02,2.018213e-02,1.603817e-02,1.490534e-02,1.349596e-02,3.346328e-02,4.088011e+00,1.927989e-02,2.526999e-01,-1.534315e-02,-1.093574e-03,-3.265353e-04
8.445277e-02,7.046800e-02,5.080498e-02,4.722587e-02,3.306267e-02,3.244731e-02,2.931493e-02,2.055464e-02,1.559045e-02,1.190053e-02,1.025799e-02,9.512279e-03,8.654477e-03,8.102898e-03,7.235320e-03,6.542284e-03,5.762005e-03,5.031095e-03,4.886084e-03,4.632087e-03,4.432467e-03,4.069206e-03,3.779350e-03,3.443454e-03,1.190053e-02,4.041060e+00,1.219548e-02,2.713920e-01,-1.373444e-02,-1.019300e-03,-2.932788e-04
7.975885e-02,6.051030e-02,6.010988e-02,5.478435e-02,5.105570e-02,4.977019e-02,4.846654e-02,4.029982e-02,3.456648e-02,3.047346e-02,2.978394e-02,2.838168e-02,2.785704e-02,2.709009e-02,2.623219e-02,2.509671e-02,2.311635e-02,2.281840e-02,1.912261e-02,1.719550e-02,1.698478e-02,1.660546e-02,1.334428e-02,1.268699e-02,3.047346e-02,4.122919e+00,1.769639e-02,2.572972e-01,-1.536497e-02,-1.159828e-03,-3.215135e-04
6.779803e-02,5.502809e-02,5.221762e-02,5.127747e-02,4.941311e-02,4.696499e-02,4.376660e-02,4.339765e-02,4.284899e-02,3.988981e-02,3.836656e-02,3.818621e-02,3.659591e-02,3.434827e-02,3.020124e-02,2.709735e-02,2.554235e-02,2.313710e-02,2.220032e-02,2.072000e-02,2.040828e-02,1.940838e-02,1.802625e-02,1.749064e-02,3.988981e-02,4.134220e+00,1.960775e-02,2.530053e-01,-1.561830e-02,-1.114240e-03,-3.346278e-04
1.386702e-01,1.078404e-01,9.749047e-02,8.932320e-02,7.511264e-02,6.604806e-02,6.195767e-02,5.841285e-02,4.856025e-02,4.791497e-02,4.587601e-02,4.272090e-02,3.985954e-02,3.964805e-02,3.732969e-02,3.510098e-02,3.355428e-02,3.295357e-02,3.251149e-02,3.079981e-02,2.846660e-02,2.634568e-02,2.452202e-02,2.333801e-02,4.791497e-02,4.154832e+00,3.634360e-02,2.323452e-01,-1.844522e-02,-1.089862e-03,-4.135198e-04
1.758186e-01,1.381085e-01,9.838168e-02,8.959367e-02,6.726263e-02,5.666929e-02,5.256466e-02,4.848227e-02,4.400743e-02,4.355557e-02,3.807629e-02,3.344058e-02,3.328811e-02,2.896040e-02,2.558851e-02,2.442943e-02,2.436339e-02,2.356486e-02,2.126946e-02,2.096469e-02,1.851612e-02,1.768889e-02,1.672510e-02,1.468783e-02,4.355557e-02,4.120956e+00,1.817994e-02,2.599265e-01,-1.486915e-02,-8.503079e-04,-3.596397e-04
4.097125e-01,2.304628e-01,1.048686e-01,7.069547e-02,5.251247e-02,4.873038e-02,4.815057e-02,4.350980e-02,4.177872e-02,3.300721e-02,3.083479e-02,2.812590e-02,2.495416e-02,2.441766e-02,2.109505e-02,2.008599e-02,1.848017e-02,1.812513e-02,1.695103e-02,1.602862e-02,1.466684e-02,1.405595e-02,1.353700e-02,1.251247e-02,3.300721e-02,4.043269e+00,1.457304e-02,2.639951e-01,-1.433764e-02,-1.089150e-03,-2.997894e-04
4.632598e-01,2.632128e-01,1.858838e-01,1.856613e-01,1.120656e-01,8.797518e-02,7.493038e-02,6.998543e-02,6.247653e-02,5.871299e-02,5.089973e-02,4.726326e-02,4.714104e-02,4.262588e-02,3.757312e-02,3.426308e-02,3.094967e-02,2.995550e-02,2.891156e-02,2.656512e-02,2.602878e-02,2.587158e-02,2.503584e-02,2.351471e-02,5.871299e-02,4.048143e+00,1.866980e-02,2.533080e-01,-1.492964e-02,-1.068170e-03,-3.202663e-04
5.178458e-01,2.632957e-01,2.223541e-01,2.113234e-01,1.637637e-01,1.159381e-01,9.316511e-02,7.726794e-02,7.162228e-02,6.065139e-02,5.429858e-02,5.188188e-02,4.923045e-02,4.911500e-02,4.541445e-02,4.281910e-02,4.180828e-02,3.725272e-02,3.476893e-02,3.315529e-02,3.128588e-02,3.092647e-02,2.889403e-02,2.833101e-02,6.065139e-02,4.050646e+00,2.247253e-02,2.454177e-01,-1.568326e-02,-1.140061e-03,-3.291353e-04
8.104861e-02,7.956833e-02,5.323387e-02,5.125274e-02,4.633319e-02,3.961321e-02,3.917362e-02,3.353426e-02,3.284063e-02,2.849120e-02,2.531565e-02,2.230251e-02,2.036096e-02,1.782454e-02,1.567854e-02,1.354795e-02,1.231095e-02,1.219651e-02,1.130361e-02,1.109075e-02,1.082246e-02,9.248903e-03,8.857527e-03,7.653809e-03,2.849120e-02,4.102238e+00,1.738675e-02,2.597954e-01,-1.481474e-02,-9.221249e-04,-3.418432e-04
3.951711e-01,1.708384e-01,1.338928e-01,1.107793e-01,9.136413e-02,8.210172e-02,6.510881e-02,6.248275e-02,5.564756e-02,4.860849e-02,4.373044e-02,4.238296e-02,4.144046e-02,3.671188e-02,3.307782e-02,3.137302e-02,3.058744e-02,2.941703e-02,2.848084e-02,2.672807e-02,2.564904e-02,2.439832e-02,2.363455e-02,2.286138e-02,4.860849e-02,4.082494e+00,1.475325e-02,2.660542e-01,-1.413680e-02,-8.989496e-04,-3.279748e-04
2.185450e-01,1.510996e-01,1.192189e-01,9.414353e-02,9.125355e-02,8.240279e-02,6.090099e-02,5.678718e-02,4.844312e-02,4.119376e-02,3.583580e-02,3.184926e-02,3.151190e-02,2.985525e-02,2.820952e-02,2.766256e-02,2.480901e-02,2.353433e-02,2.299958e-02,2.180994e-02,1.941723e-02,1.853917e-02,1.665842e-02,1.585869e-02,4.119376e-02,4.114824e+00,1.281211e-02,2.787196e-01,-1.345533e-02,-5.979151e-04,-3.627565e-04
8.036681e-02,6.911705e-02,3.847775e-02,3.592929e-02,2.983854e-02,2.975729e-02,2.759871e-02,2.678138e-02,2.632311e-02,2.428798e-02,2.276159e-02,1.818130e-02,1.735309e-02,1.473227e-02,1.402540e-02,1.275830e-02,1.091000e-02,8.403677e-03,6.812902e-03,5.872900e-03,5.178832e-03,5.044120e-03,4.670466e-03,4.639510e-03,2.428798e-02,4.087565e+00,1.778832e-02,2.560275e-01,-1.505083e-02,-1.086224e-03,-3.211362e-04
6.893566e-02,6.619672e-02,4.330249e-02,3.206437e-02,3.120075e-02,2.816131e-02,2.699556e-02,2.600566e-02,2.550502e-02,2.278477e-02,2.049685e-02,1.718697e-02,1.550728e-02,1.392179e-02,1.308303e-02,1.135207e-02,1.026811e-02,8.095828e-03,6.920461e-03,6.267084e-03,6.248356e-03,5.634117e-03,5.330593e-03,5.320866e-03,2.278477e-02,4.078632e+00,1.365357e-02,2.675346e-01,-1.427999e-02,-1.046532e-03,-3.043919e-04
9.191428e-02,6.190100e-02,3.990033e-02,2.602993e-02,2.590817e-02,2.467410e-02,2.065502e-02,1.693078e-02,1.508791e-02,1.166806e-02,1.087705e-02,9.008504e-03,8.938476e-03,8.182442e-03,7.337394e-03,6.968923e-03,5.983704e-03,5.310659e-03,4.989848e-03,4.142414e-03,3.739108e-03,3.667012e-03,3.459958e-03,3.156045e-03,1.166806e-02,4.052959e+00,1.423870e-02,2.648850e-01,-1.418103e-02,-1.024393e-03,-3.043418e-04
1.280564e-01,9.387956e-02,8.655637e-02,7.953902e-02,5.430365e-02,5.102418e-02,4.250483e-02,3.322703e-02,3.299315e-02,3.049592e-02,3.042171e-02,2.881045e-02,2.408879e-02,2.263570e-02,2.156163e-02,1.974751e-02,1.936180e-02,1.819201e-02,1.578309e-02,1.561013e-02,1.505984e-02,1.350996e-02,1.306358e-02,1.152050e-02,3.049592e-02,4.065041e+00,1.906617e-02,2.528577e-01,-1.509648e-02,-1.073993e-03,-3.244358e-04
2.426192e-01,1.953820e-01,1.076345e-01,7.828444e-02,7.706047e-02,5.100155e-02,5.045423e-02,4.755542e-02,3.829123e-02,3.776136e-02,3.027629e-02,2.942094e-02,2.629947e-02,2.417337e-02,2.173456e-02,2.131930e-02,2.075002e-02,1.807877e-02,1.778149e-02,1.525908e-02,1.423723e-02,1.344732e-02,1.323071e-02,1.220367e-02,3.776136e-02,4.056170e+00,1.401680e-02,2.656946e-01,-1.422725e-02,-1.049444e-03,-3.020520e-04
1.759806e-01,9.303719e-02,6.708110e-02,6.037720e-02,5.264845e-02,5.189930e-02,4.264220e-02,4.142517e-02,3.749056e-02,3.454651e-02,3.357370e-02,2.822330e-02,2.522994e-02,2.361887e-02,2.291650e-02,2.205410e-02,2.132858e-02,1.905717e-02,1.623388e-02,1.515489e-02,1.397325e-02,1.298669e-02,1.278263e-02,1.239217e-02,3.454651e-02,4.104429e+00,2.308965e-02,2.511889e-01,-1.559993e-02,-8.398832e-04,-3.825951e-04
1.120443e-01,1.010112e-01,7.749247e-02,7.291763e-02,6.259610e-02,5.843594e-02,5.565263e-02,5.386282e-02,4.430877e-02,4.193080e-02,3.679047e-02,3.539717e-02,3.232273e-02,3.113265e-02,3.080006e-02,2.906441e-02,2.795220e-02,2.513738e-02,2.387162e-02,2.358627e-02,2.117321e-02,2.017768e-02,1.769727e-02,1.718264e-02,4.193080e-02,4.083210e+00,1.645008e-02,2.594122e-01,-1.472129e-02,-1.053217e-03,-3.179344e-04
9.189499e-02,4.936851e-02,4.555046e-02,3.771090e-02,3.643418e-02,3.169457e-02,3.058944e-02,2.905830e-02,2.621357e-02,2.601018e-02,2.550269e-02,2.540769e-02,2.526095e-02,2.462879e-02,2.127418e-02,1.763574e-02,1.564652e-02,1.385536e-02,1.271593e-02,1.196213e-02,1.178793e-02,8.453701e-03,6.899711e-03,6.376896e-03,2.601018e-02,4.077424e+00,1.437654e-02,2.651350e-01,-1.434150e-02,-1.028414e-03,-3.091863e-04
1.612005e-01,1.012306e-01,7.398554e-02,5.222817e-02,4.616774e-02,4.474362e-02,4.206971e-02,3.908862e-02,3.792051e-02,3.716350e-02,3.712811e-02,3.615922e-02,3.343871e-02,3.089281e-02,3.041804e-02,2.601610e-02,2.304400e-02,2.252554e-02,2.038588e-02,1.888140e-02,1.830770e-02,1.688721e-02,1.556443e-02,1.474347e-02,3.716350e-02,4.121122e+00,2.944226e-02,2.476633e-01,-1.637197e-02,-6.550242e-04,-4.483668e-04
6.170588e-02,5.753252e-02,4.874953e-02,4.121863e-02,3.997418e-02,3.777873e-02,3.655164e-02,3.036742e-02,2.643073e-02,2.148760e-02,1.796113e-02,1.518959e-02,1.408995e-02,1.376154e-02,1.209947e-02,1.058466e-02,9.685759e-03,8.932370e-03,7.995641e-03,7.418861e-03,6.770551e-03,6.542446e-03,6.022420e-03,5.261978e-03,2.148760e-02,4.075043e+00,1.179729e-02,2.756543e-01,-1.357273e-02,-8.603225e-04,-3.140767e-04
8.622246e-02,5.836434e-02,4.100736e-02,3.588815e-02,3.300836e-02,3.115237e-02,3.064806e-02,2.967859e-02,2.708357e-02,2.592869e-02,2.586128e-02,2.572664e-02,2.456588e-02,2.276917e-02,2.267579e-02,2.260867e-02,1.794485e-02,1.709042e-02,1.416859e-02,1.352419e-02,1.278373e-02,1.081867e-02,1.037353e-02,9.527536e-03,2.592869e-02,4.097899e+00,1.624421e-02,2.601188e-01,-1.486556e-02,-1.093242e-03,-3.159011e-04
1.552115e-01,1.230343e-01,9.080843e-02,7.847462e-02,7.473302e-02,6.410056e-02,6.272903e-02,5.721708e-02,5.078274e-02,4.261922e-02,3.998215e-02,3.949761e-02,3.660177e-02,3.633160e-02,3.276785e-02,3.168745e-02,3.020444e-02,2.727792e-02,2.459798e-02,2.386460e-02,2.179019e-02,2.163322e-02,1.913022e-02,1.807814e-02,4.261922e-02,4.080278e+00,1.168343e-02,2.760247e-01,-1.350547e-02,-8.671743e-04,-3.139627e-04
6.046831e-02,4.716235e-02,3.657772e-02,3.644528e-02,3.286170e-02,2.824574e-02,2.517604e-02,2.177485e-02,1.572542e-02,1.362621e-02,1.129794e-02,1.063646e-02,1.047736e-02,9.379684e-03,7.981822e-03,7.314672e-03,5.216600e-03,5.147262e-03,4.977664e-03,4.584573e-03,4.238111e-03,4.225300e-03,4.069302e-03,3.671025e-03,1.362621e-02,4.071826e+00,1.425184e-02,2.653955e-01,-1.437279e-02,-1.061892e-03,-3.050175e-04
6.623978e-02,3.588338e-02,3.386713e-02,2.990773e-02,2.976403e-02,2.799025e-02,2.644169e-02,2.516752e-02,2.445724e-02,2.205507e-02,1.462635e-02,1.075476e-02,8.489100e-03,8.414505e-03,7.775701e-03,6.773940e-03,6.167689e-03,5.731636e-03,5.349882e-03,4.768516e-03,3.966630e-03,3.430150e-03,3.389648e-03,3.315782e-03,2.205507e-02,4.081438e+00,6.007797e-03,3.064412e-01,-1.271340e-02,-8.967330e-04,-2.749484e-04
7.252836e-02,5.120357e-02,4.964402e-02,4.921755e-02,4.861953e-02,4.762380e-02,4.269439e-02,4.089962e-02,3.991244e-02,3.913880e-02,3.579351e-02,3.474757e-02,3.387272e-02,3.383371e-02,3.160125e-02,3.061639e-02,2.976603e-02,2.899535e-02,2.828469e-02,2.638458e-02,2.601862e-02,2.455790e-02,2.332195e-02,2.254261e-02,3.913880e-02,4.219876e+00,1.267593e-02,2.748784e-01,-1.482139e-02,-1.109966e-03,-3.228454e-04
9.565553e-02,8.152665e-02,7.678107e-02,7.625936e-02,7.336661e-02,6.837872e-02,6.677820e-02,6.648209e-02,6.296461e-02,6.227375e-02,6.024835e-02,5.720530e-02,5.586730e-02,5.343701e-02,5.267855e-02,5.144919e-02,5.066180e-02,4.809809e-02,4.733473e-02,4.668950e-02,4.600832e-02,4.541007e-02,4.373523e-02,4.331405e-02,6.227375e-02,4.374312e+00,1.803383e-02,2.619364e-01,-1.644638e-02,-1.167564e-03,-3.690252e-04
1.626115e-01,1.443638e-01,1.133675e-01,8.723107e-02,6.489567e-02,4.118787e-02,3.794634e-02,3.514533e-02,3.082663e-02,2.498487e-02,2.194665e-02,2.067994e-02,2.036573e-02,1.807573e-02,1.744919e-02,1.577642e-02,1.483320e-02,1.217627e-02,1.117036e-02,1.027133e-02,9.843442e-03,9.569767e-03,9.225905e-03,9.146566e-03,2.498487e-02,4.036019e+00,1.582809e-03,3.727134e-01,-1.153024e-02,-7.862444e-04,-2.306613e-04
2.245685e-01,1.387005e-01,6.294494e-02,5.890553e-02,5.480394e-02,4.697112e-02,3.912437e-02,3.561214e-02,2.970160e-02,2.416562e-02,2.393394e-02,2.347225e-02,2.011609e-02,2.004327e-02,1.903918e-02,1.710799e-02,1.694513e-02,1.610596e-02,1.519296e-02,1.332152e-02,1.163927e-02,9.739080e-03,9.390510e-03,9.153841e-03,2.416562e-02,4.054112e+00,1.158186e-02,2.749138e-01,-1.377328e-02,-1.029258e-03,-2.930014e-04
1.971074e-01,1.480092e-01,1.242206e-01,1.214300e-01,1.016032e-01,8.211531e-02,7.692704e-02,6.810296e-02,5.061866e-02,4.930532e-02,4.860942e-02,4.054309e-02,4.022175e-02,3.919564e-02,3.471160e-02,3.081219e-02,2.959666e-02,2.612142e-02,2.600602e-02,2.488080e-02,2.450323e-02,2.405235e-02,2.101746e-02,2.050234e-02,4.930532e-02,4.081155e+00,2.229823e-02,2.464681e-01,-1.583746e-02,-1.128003e-03,-3.339393e-04
2.122472e-01,8.935982e-02,6.644056e-02,5.466177e-02,4.247588e-02,3.525333e-02,3.142128e-02,2.557802e-02,2.278743e-02,1.966928e-02,1.599255e-02,1.530248e-02,1.410345e-02,1.292801e-02,1.131696e-02,1.088201e-02,1.029179e-02,9.800252e-03,9.158986e-03,8.359069e-03,8.107582e-03,7.527988e-03,6.887111e-03,6.464055e-03,1.966928e-02,4.048898e+00,1.228797e-03,3.866269e-01,-1.154821e-02,-7.894432e-04,-2.265108e-04
1.102864e-01,7.798110e-02,6.851974e-02,5.044171e-02,4.241690e-02,4.193075e-02,4.013251e-02,3.371340e-02,3.366347e-02,3.359534e-02,3.095468e-02,2.977592e-02,2.857044e-02,2.805369e-02,2.697740e-02,2.642583e-02,2.627249e-02,2.405896e-02,2.315974e-02,2.246242e-02,2.184017e-02,1.751196e-02,1.656368e-02,1.525656e-02,3.359534e-02,4.104138e+00,3.592559e-03,3.324103e-01,-1.228189e-02,-8.386702e-04,-2.616645e-04
1.851949e-01,6.257084e-02,5.334281e-02,5.232656e-02,4.518781e-02,3.864952e-02,3.055826e-02,3.027309e-02,2.388284e-02,2.219872e-02,1.725931e-02,1.569589e-02,1.463054e-02,1.353828e-02,1.240650e-02,1.179467e-02,1.059053e-02,8.227748e-03,7.965726e-03,7.693390e-03,7.204936e-03,7.129923e-03,6.913645e-03,6.064437e-03,2.219872e-02,4.039958e+00,1.239697e-02,2.713486e-01,-1.385734e-02,-1.052185e-03,-2.926104e-04
8.897239e-02,8.062898e-02,6.564257e-02,6.158267e-02,5.613207e-02,4.850927e-02,4.402734e-02,4.119686e-02,3.920115e-02,3.891210e-02,3.832580e-02,3.605823e-02,3.592847e-02,3.527317e-02,3.502020e-02,3.390189e-02,3.025843e-02,3.025240e-02,2.909229e-02,2.817312e-02,2.693324e-02,2.634941e-02,2.633735e-02,2.570377e-02,3.891210e-02,4.121680e+00,1.326821e-02,2.732026e-01,-1.391601e-02,-8.061222e-04,-3.388852e-04
3.650381e-01,1.885675e-01,1.172392e-01,6.889049e-02,4.696362e-02,3.894366e-02,3.530004e-02,3.232544e-02,2.780270e-02,2.582290e-02,2.348445e-02,2.211863e-02,1.901585e-02,1.861656e-02,1.709929e-02,1.579969e-02,1.429278e-02,1.394814e-02,1.164424e-02,1.150383e-02,1.108678e-02,1.044597e-02,1.010490e-02,9.498676e-03,2.582290e-02,4.032441e+00,9.644757e-03,2.826848e-01,-1.324145e-02,-9.848528e-04,-2.825357e-04
2.064007e-01,1.056779e-01,9.240925e-02,7.994933e-02,6.821645e-02,4.872677e-02,4.521687e-02,4.222675e-02,4.197000e-02,3.141786e-02,3.071382e-02,2.822412e-02,2.673070e-02,2.377946e-02,2.372240e-02,2.064425e-02,2.002680e-02,1.804102e-02,1.550187e-02,1.521386e-02,1.454069e-02,1.335959e-02,1.284151e-02,1.180901e-02,3.141786e-02,4.068319e+00,4.897628e-03,3.160228e-01,-1.238245e-02,-8.738692e-04,-2.657943e-04
1.035183e-01,1.002033e-01,9.175214e-02,7.955713e-02,7.268096e-02,6.035307e-02,5.589864e-02,4.938697e-02,4.112698e-02,3.518370e-02,3.117642e-02,2.769672e-02,2.347622e-02,2.205971e-02,2.110637e-02,1.977874e-02,1.906311e-02,1.573259e-02,1.530709e-02,1.477863e-02,1.380179e-02,1.299155e-02,1.240605e-02,1.132743e-02,3.518370e-02,4.064427e+00,2.895618e-03,3.421246e-01,-1.191861e-02,-8.236522e-04,-2.496005e-04
5.633855e-01,3.657692e-01,1.727755e-01,1.136088e-01,1.087563e-01,9.997209e-02,8.863240e-02,8.590074e-02,7.072984e-02,6.369516e-02,5.974329e-02,5.805829e-02,5.711285e-02,5.262741e-02,5.212318e-02,5.015869e-02,4.618045e-02,4.387252e-02,4.349730e-02,4.134305e-02,4.027736e-02,3.986023e-02,3.731588e-02,3.630078e-02,6.369516e-02,4.074188e+00,3.769430e-03,3.290882e-01,-1.214802e-02,-8.566700e-04,-2.583729e-04
6.963147e-02,6.694625e-02,4.239124e-02,4.092028e-02,2.875956e-02,2.822492e-02,2.743055e-02,2.525903e-02,1.829672e-02,1.723859e-02,1.312553e-02,9.839018e-03,9.217230e-03,8.383478e-03,7.700501e-03,7.475754e-03,7.275830e-03,4.889075e-03,4.374256e-03,4.303932e-03,4.194503e-03,4.193783e-03,4.111573e-03,3.733315e-03,1.723859e-02,4.067413e+00,1.876726e-02,2.536451e-01,-1.507282e-02,-1.065281e-03,-3.244121e-04
1.093945e-01,4.465320e-02,4.418961e-02,4.088634e-02,4.073675e-02,3.312855e-02,2.927412e-02,2.726781e-02,2.473308e-02,1.394258e-02,1.243318e-02,1.243214e-02,1.194659e-02,1.003694e-02,9.511668e-03,7.898355e-03,7.212020e-03,6.585044e-03,6.210776e-03,5.708804e-03,5.524918e-03,5.260606e-03,4.629879e-03,4.458429e-03,1.394258e-02,4.071517e+00,1.660215e-02,2.587699e-01,-1.470401e-02,-1.050818e-03,-3.167490e-04
1.902308e-01,1.293145e-01,1.197078e-01,9.746576e-02,9.328202e-02,8.817914e-02,8.318495e-02,6.994191e-02,5.965224e-02,5.525029e-02,5.115215e-02,4.947677e-02,4.786679e-02,4.135129e-02,4.108712e-02,3.586922e-02,3.458521e-02,3.458508e-02,3.284321e-02,3.223645e-02,3.074683e-02,2.860529e-02,2.793278e-02,2.637532e-02,5.525029e-02,4.156053e+00,1.741905e-02,2.636934e-01,-1.473577e-02,-7.675866e-04,-3.717486e-04
1.158595e-01,1.030302e-01,9.919506e-02,8.793655e-02,6.764094e-02,6.620962e-02,6.469001e-02,6.097816e-02,6.055851e-02,5.922823e-02,5.705795e-02,5.153255e-02,5.006487e-02,4.979723e-02,4.635932e-02,4.465134e-02,4.154479e-02,4.131388e-02,3.888288e-02,3.837267e-02,3.679190e-02,3.616653e-02,3.488239e-02,3.377682e-02,5.922823e-02,4.211089e+00,1.479602e-02,2.687220e-01,-1.484122e-02,-9.256996e-04,-3.479673e-04
1.230374e-01,9.469351e-02,8.716190e-02,8.594016e-02,7.421092e-02,6.688544e-02,6.238986e-02,5.926604e-02,4.780639e-02,4.527023e-02,4.261793e-02,4.129974e-02,3.839587e-02,3.801455e-02,3.611786e-02,2.899223e-02,2.824300e-02,2.457779e-02,2.141290e-02,2.034452e-02,2.012208e-02,1.640021e-02,1.588100e-02,1.526635e-02,4.527023e-02,4.127011e+00,1.929800e-02,2.538960e-01,-1.546885e-02,-1.087098e-03,-3.359849e-04
1.968702e-01,1.829958e-01,1.446148e-01,1.387332e-01,1.094663e-01,9.660806e-02,9.128212e-02,8.729276e-02,8.599459e-02,7.233385e-02,6.636679e-02,5.601834e-02,5.542078e-02,4.947057e-02,4.390378e-02,4.121055e-02,4.091477e-02,3.707587e-02,3.387787e-02,3.157879e-02,2.952525e-02,2.831605e-02,2.821536e-02,2.714509e-02,7.233385e-02,4.141588e+00,1.226659e-02,2.757744e-01,-1.396475e-02,-8.457790e-04,-3.296413e-04
1.358638e-01,1.143511e-01,9.718017e-02,7.834738e-02,7.635611e-02,7.563312e-02,6.334232e-02,5.693023e-02,5.434468e-02,4.917781e-02,4.653657e-02,4.331764e-02,3.933099e-02,3.752250e-02,3.459639e-02,3.377213e-02,3.156032e-02,3.123926e-02,2.574034e-02,2.444231e-02,2.405320e-02,2.335611e-02,2.309175e-02,2.081536e-02,4.917781e-02,4.144377e+00,1.887397e-02,2.569353e-01,-1.530679e-02,-9.620131e-04,-3.512563e-04
1.030625e-01,9.216952e-02,6.903731e-02,6.143593e-02,5.400365e-02,5.263779e-02,3.756773e-02,3.542801e-02,3.461373e-02,3.374666e-02,2.524578e-02,2.161547e-02,2.039896e-02,2.003249e-02,1.662668e-02,1.454153e-02,1.440586e-02,1.325570e-02,1.156551e-02,1.113715e-02,1.092428e-02,1.079778e-02,1.059089e-02,1.018731e-02,3.374666e-02,4.084018e+00,1.674602e-02,2.587136e-01,-1.479646e-02,-1.050921e-03,-3.194345e-04
1.606411e-01,1.255558e-01,1.189905e-01,1.182147e-01,1.103358e-01,9.325469e-02,8.032855e-02,7.122479e-02,6.220823e-02,6.103724e-02,6.051890e-02,5.600264e-02,5.029554e-02,5.019767e-02,4.835232e-02,4.715950e-02,3.886236e-02,3.468563e-02,3.367574e-02,3.357609e-02,3.128473e-02,3.052594e-02,2.952007e-02,2.842220e-02,6.103724e-02,4.136286e+00,2.352789e-02,2.482551e-01,-1.611031e-02,-1.003971e-03,-3.676089e-04
1.017566e-01,9.734296e-02,8.392590e-02,8.041782e-02,7.147688e-02,6.315011e-02,5.131308e-02,4.765639e-02,4.234883e-02,4.215914e-02,3.913751e-02,3.184720e-02,2.914368e-02,2.851823e-02,2.723672e-02,2.656164e-02,2.339319e-02,2.202105e-02,2.194046e-02,1.800435e-02,1.735471e-02,1.726222e-02,1.715136e-02,1.602747e-02,4.215914e-02,4.112226e+00,1.321589e-02,2.719091e-01,-1.400055e-02,-8.543110e-04,-3.293393e-04
1.590543e-01,9.824362e-02,9.571201e-02,8.521177e-02,8.023925e-02,6.660760e-02,6.101566e-02,6.051515e-02,5.866114e-02,5.667723e-02,5.228117e-02,5.039172e-02,4.716051e-02,4.354327e-02,3.771000e-02,3.631900e-02,3.490737e-02,3.208113e-02,2.911434e-02,2.803706e-02,2.665045e-02,2.572300e-02,2.209060e-02,2.021885e-02,5.667723e-02,4.142333e+00,1.850173e-02,2.577680e-01,-1.522209e-02,-9.645688e-04,-3.498473e-04
9.728632e-02,9.649816e-02,8.078107e-02,7.641317e-02,6.425034e-02,6.173174e-02,4.896604e-02,4.348640e-02,4.315178e-02,4.048647e-02,3.614676e-02,3.038331e-02,3.036737e-02,2.776048e-02,2.258859e-02,2.154110e-02,2.063703e-02,1.989207e-02,1.521807e-02,1.494654e-02,1.455794e-02,1.400157e-02,1.285803e-02,1.231389e-02,4.048647e-02,4.102383e+00,2.251675e-02,2.466586e-01,-1.600894e-02,-1.129482e-03,-3.389000e-04
1.468895e-01,1.126135e-01,8.520479e-02,8.507440e-02,8.333714e-02,8.093937e-02,8.037139e-02,7.205702e-02,6.988751e-02,6.484823e-02,6.428264e-02,5.771958e-02,5.407380e-02,5.188097e-02,4.484196e-02,3.938098e-02,3.720963e-02,3.659076e-02,3.472601e-02,3.353212e-02,3.280187e-02,3.117949e-02,2.846518e-02,2.710861e-02,6.484823e-02,4.169855e+00,1.882775e-02,2.602873e-01,-1.521185e-02,-8.122125e-04,-3.745670e-04
1.448077e-01,1.168630e-01,9.327320e-02,7.620332e-02,6.423358e-02,5.659563e-02,4.980402e-02,4.939511e-02,3.515365e-02,3.337478e-02,2.857346e-02,2.710729e-02,2.518039e-02,2.312090e-02,2.163261e-02,2.106218e-02,2.061957e-02,1.920729e-02,1.697094e-02,1.638673e-02,1.528099e-02,1.489969e-02,1.481980e-02,1.356213e-02,3.337478e-02,4.073320e+00,8.269391e-03,2.908074e-01,-1.311361e-02,-9.620286e-04,-2.829446e-04
1.622203e-01,1.411292e-01,1.155129e-01,1.097605e-01,8.888714e-02,8.427926e-02,8.027949e-02,7.822072e-02,7.070404e-02,6.691743e-02,5.803413e-02,5.423002e-02,5.268222e-02,4.983544e-02,4.597723e-02,4.518140e-02,4.021126e-02,3.862528e-02,3.637370e-02,3.481947e-02,3.355540e-02,3.258915e-02,2.845712e-02,2.651299e-02,6.691743e-02,4.127828e+00,1.483559e-02,2.648664e-01,-1.463986e-02,-1.057994e-03,-3.181639e-04
2.543009e-01,1.885180e-01,1.079963e-01,8.019372e-02,7.929469e-02,7.094315e-02,6.815915e-02,6.644629e-02,4.682589e-02,4.540700e-02,4.002203e-02,3.932052e-02,3.576066e-02,3.184066e-02,3.076987e-02,2.767787e-02,2.368850e-02,2.340379e-02,2.268318e-02,2.253138e-02,2.143521e-02,2.039676e-02,1.915006e-02,1.742736e-02,4.540700e-02,4.082536e+00,1.182493e-02,2.739237e-01,-1.386391e-02,-1.015669e-03,-2.990887e-04
9.059836e-02,8.896483e-02,8.470395e-02,7.964024e-02,7.947750e-02,7.674385e-02,5.577847e-02,5.493030e-02,5.364922e-02,4.948822e-02,3.954300e-02,3.931003e-02,3.772794e-02,3.663330e-02,3.221527e-02,2.906254e-02,2.856551e-02,2.834128e-02,2.604196e-02,2.161424e-02,2.155939e-02,1.953533e-02,1.694908e-02,1.584199e-02,4.948822e-02,4.106696e+00,1.457417e-02,2.651136e-01,-1.456590e-02,-1.072312e-03,-3.114647e-04
1.092995e-01,1.028822e-01,6.665748e-02,6.464218e-02,6.410935e-02,5.573790e-02,4.060069e-02,4.010870e-02,3.573571e-02,3.548883e-02,3.224253e-02,3.146631e-02,2.745950e-02,2.675733e-02,2.288183e-02,2.220574e-02,1.742571e-02,1.722127e-02,1.624267e-02,1.605790e-02,1.420753e-02,1.403946e-02,1.372422e-02,1.348726e-02,3.548883e-02,4.083509e+00,1.504935e-02,2.633445e-01,-1.460240e-02,-1.112804e-03,-3.071320e-04
1.992218e-01,1.410899e-01,1.315557e-01,1.306751e-01,9.382146e-02,8.143048e-02,8.054111e-02,7.659040e-02,7.096731e-02,6.338247e-02,5.754348e-02,5.570333e-02,4.977748e-02,4.552476e-02,4.299170e-02,4.075310e-02,3.959650e-02,3.501930e-02,3.366303e-02,3.284734e-02,3.210433e-02,3.068060e-02,2.971092e-02,2.799296e-02,6.338247e-02,4.121118e+00,1.524643e-02,2.636487e-01,-1.481954e-02,-1.133208e-03,-3.135711e-04
1.600242e-01,1.419438e-01,1.138211e-01,8.102932e-02,8.009221e-02,7.338338e-02,7.003773e-02,6.624106e-02,5.466591e-02,5.245881e-02,5.170873e-02,5.005882e-02,4.867212e-02,4.184958e-02,3.559812e-02,3.379914e-02,3.146642e-02,3.083298e-02,2.852418e-02,2.793327e-02,2.709275e-02,2.585802e-02,2.478627e-02,2.467114e-02,5.245881e-02,4.118713e+00,1.344379e-02,2.691464e-01,-1.440555e-02,-1.064257e-03,-3.096589e-04
1.404305e-01,1.099059e-01,9.366842e-02,9.167361e-02,8.739811e-02,7.834607e-02,7.208587e-02,6.308064e-02,5.841874e-02,5.360298e-02,5.056338e-02,4.342113e-02,4.115941e-02,4.007476e-02,3.759112e-02,3.741181e-02,3.345244e-02,3.113216e-02,2.899017e-02,2.774750e-02,2.439303e-02,2.268162e-02,2.240773e-02,2.063496e-02,5.360298e-02,4.100711e+00,1.486725e-02,2.643841e-01,-1.465095e-02,-1.111616e-03,-3.090642e-04
2.347120e-01,1.716443e-01,1.436188e-01,1.251409e-01,1.113644e-01,1.085819e-01,7.386268e-02,6.730859e-02,6.534742e-02,6.221187e-02,5.604228e-02,5.352932e-02,5.120639e-02,4.865322e-02,4.495468e-02,4.303402e-02,4.211332e-02,3.807429e-02,3.601944e-02,3.190018e-02,2.886390e-02,2.728222e-02,2.555791e-02,2.463515e-02,6.221187e-02,4.103343e+00,1.544491e-02,2.624811e-01,-1.475128e-02,-1.131643e-03,-3.108922e-04
1.407577e-01,1.242819e-01,1.214695e-01,1.029701e-01,9.656949e-02,8.425009e-02,7.009087e-02,6.698632e-02,6.404227e-02,6.113309e-02,5.553024e-02,4.501719e-02,3.919085e-02,3.899875e-02,3.736111e-02,3.424695e-02,2.979553e-02,2.825823e-02,2.798348e-02,2.674237e-02,2.473935e-02,2.430776e-02,2.219005e-02,2.140434e-02,6.113309e-02,4.118300e+00,1.957560e-02,2.530429e-01,-1.546296e-02,-1.090984e-03,-3.350593e-04
5.104255e-01,2.292577e-01,1.598072e-01,1.565253e-01,1.437821e-01,1.370685e-01,1.271091e-01,1.232827e-01,1.155538e-01,1.087866e-01,1.035497e-01,9.540790e-02,8.836549e-02,8.674393e-02,8.482212e-02,8.336615e-02,8.065780e-02,7.778957e-02,7.482801e-02,7.301766e-02,6.800074e-02,6.718335e-02,6.455943e-02,6.323579e-02,1.087866e-01,4.426211e+00,4.513389e-02,2.330981e-01,-2.105485e-02,-1.149726e-03,-5.157055e-04
1.755588e-01,1.391257e-01,1.326414e-01,1.199065e-01,1.098094e-01,1.080824e-01,8.488660e-02,8.164263e-02,7.712684e-02,7.380733e-02,7.133151e-02,7.027108e-02,6.769296e-02,6.574003e-02,6.222258e-02,5.828408e-02,5.547743e-02,5.494961e-02,5.410412e-02,5.156999e-02,4.963301e-02,4.942028e-02,4.555440e-02,4.139611e-02,7.380733e-02,4.231300e+00,1.234325e-02,2.774014e-01,-1.433708e-02,-9.269233e-04,-3.405727e-04
1.823697e-01,1.563899e-01,1.442144e-01,1.364176e-01,1.277627e-01,1.203457e-01,1.165262e-01,9.809132e-02,9.023314e-02,8.149888e-02,7.826625e-02,6.708609e-02,6.454744e-02,6.348530e-02,5.883609e-02,5.533970e-02,5.462041e-02,5.017817e-02,4.962592e-02,4.950166e-02,4.599139e-02,4.533052e-02,4.386888e-02,4.281338e-02,8.149888e-02,4.299690e+00,2.153806e-02,2.550802e-01,-1.650922e-02,-1.026935e-03,-3.886376e-04
1.852628e-01,1.777768e-01,1.529556e-01,1.294337e-01,1.158285e-01,1.070110e-01,1.059548e-01,9.794450e-02,9.471573e-02,8.983982e-02,7.681066e-02,7.297274e-02,7.129801e-02,6.643508e-02,6.487028e-02,6.174546e-02,5.793886e-02,5.757487e-02,5.615886e-02,5.388989e-02,4.750061e-02,4.661040e-02,4.423281e-02,4.206146e-02,8.983982e-02,4.248561e+00,2.001660e-02,2.578153e-01,-1.584401e-02,-9.398499e-04,-3.824007e-04
1.584584e-01,1.496488e-01,1.099643e-01,9.476753e-02,8.996872e-02,8.193551e-02,7.501335e-02,7.445512e-02,7.270980e-02,7.171078e-02,6.916460e-02,6.751798e-02,6.312195e-02,6.071607e-02,5.872959e-02,5.843055e-02,5.631437e-02,5.149773e-02,4.961285e-02,4.933435e-02,4.921109e-02,4.787202e-02,4.653296e-02,4.574746e-02,7.171078e-02,4.373577e+00,4.470556e-02,2.324965e-01,-2.087555e-02,-1.040696e-03,-5.056340e-04
2.390607e-01,1.784433e-01,1.626454e-01,1.365612e-01,1.144603e-01,1.107478e-01,1.038138e-01,9.446449e-02,9.308439e-02,8.584199e-02,8.196846e-02,7.320483e-02,6.931761e-02,6.888846e-02,6.601494e-02,5.851538e-02,5.725589e-02,5.489786e-02,5.007745e-02,4.970480e-02,4.888093e-02,4.507909e-02,4.349607e-02,4.239992e-02,8.584199e-02,4.226806e+00,1.339885e-02,2.738952e-01,-1.466388e-02,-9.348750e-04,-3.450105e-04
1.348705e-01,1.136163e-01,1.097361e-01,1.023148e-01,9.365645e-02,8.969017e-02,8.048331e-02,7.748253e-02,7.509377e-02,6.933293e-02,6.809143e-02,6.663129e-02,6.374756e-02,5.958433e-02,5.681737e-02,5.518524e-02,5.078230e-02,4.878213e-02,4.700988e-02,4.515500e-02,4.341507e-02,4.178899e-02,4.102199e-02,3.814710e-02,6.933293e-02,4.288450e+00,1.050586e-02,2.864976e-01,-1.428313e-02,-8.681541e-04,-3.461199e-04
1.467222e-01,1.235493e-01,1.183432e-01,1.036582e-01,1.001913e-01,9.023922e-02,8.771849e-02,8.348056e-02,8.112697e-02,7.951237e-02,7.837541e-02,7.174415e-02,7.079882e-02,6.797770e-02,6.621718e-02,6.341510e-02,6.194918e-02,6.065548e-02,5.764223e-02,5.729131e-02,5.538832e-02,5.396281e-02,5.227726e-02,5.201643e-02,7.951237e-02,4.371638e+00,1.870506e-02,2.633830e-01,-1.620697e-02,-9.562700e-04,-3.991007e-04
1.664577e-01,1.521347e-01,1.313082e-01,1.238310e-01,1.212215e-01,1.142531e-01,1.013162e-01,8.997387e-02,8.720244e-02,8.297178e-02,7.888964e-02,7.726172e-02,7.483897e-02,7.156785e-02,6.997467e-02,6.815898e-02,6.690037e-02,6.545866e-02,6.333161e-02,6.109175e-02,5.916485e-02,5.512900e-02,5.447112e-02,5.383480e-02,8.297178e-02,4.368964e+00,1.944022e-02,2.621977e-01,-1.633662e-02,-9.363640e-04,-4.050663e-04
2.026038e-01,1.432201e-01,1.411108e-01,1.259886e-01,1.170293e-01,1.147200e-01,1.029265e-01,9.723381e-02,9.413751e-02,9.090074e-02,8.824340e-02,8.508678e-02,7.942554e-02,7.809948e-02,7.748059e-02,7.531376e-02,6.991758e-02,6.946663e-02,6.825357e-02,6.486817e-02,6.110945e-02,5.951506e-02,5.890750e-02,5.838234e-02,9.090074e-02,4.446097e+00,4.234439e-02,2.350454e-01,-2.080440e-02,-1.089060e-03,-5.062961e-04
2.984842e-01,2.586633e-01,1.920526e-01,1.714001e-01,1.507129e-01,1.199377e-01,1.192086e-01,1.008067e-01,8.437974e-02,7.976484e-02,5.903219e-02,5.709907e-02,5.477000e-02,5.035740e-02,4.720294e-02,4.299781e-02,3.841921e-02,3.704084e-02,3.679576e-02,3.647037e-02,3.418504e-02,3.345414e-02,3.296502e-02,3.005836e-02,7.976484e-02,4.120367e+00,2.103150e-02,2.529315e-01,-1.537579e-02,-9.344494e-04,-3.628005e-04
3.518630e-01,2.286456e-01,1.937208e-01,1.809526e-01,1.509666e-01,1.193291e-01,9.425373e-02,8.831867e-02,8.178986e-02,7.734357e-02,7.361476e-02,7.181172e-02,6.861657e-02,6.305892e-02,5.886189e-02,5.807730e-02,5.225110e-02,5.128656e-02,4.696055e-02,4.485078e-02,4.216651e-02,4.057453e-02,3.942672e-02,3.762035e-02,7.734357e-02,4.150832e+00,1.448081e-02,2.663337e-01,-1.474473e-02,-1.127946e-03,-3.153822e-04
3.745947e-01,2.057025e-01,2.002074e-01,1.228513e-01,1.124836e-01,8.574902e-02,8.313600e-02,7.728298e-02,6.172571e-02,6.111438e-02,5.646730e-02,5.516549e-02,5.480991e-02,4.687366e-02,4.596293e-02,4.515771e-02,4.121984e-02,3.861764e-02,3.515453e-02,3.174319e-02,3.024243e-02,2.944250e-02,2.941453e-02,2.859162e-02,6.111438e-02,4.114713e+00,1.256192e-02,2.718468e-01,-1.413407e-02,-1.053389e-03,-3.058759e-04
1,6.595402e-01,3.307196e-01,1.973365e-01,1.682492e-01,1.628006e-01,1.394678e-01,1.228622e-01,1.010006e-01,9.180783e-02,8.579328e-02,8.160519e-02,7.304791e-02,6.848944e-02,6.504460e-02,6.068766e-02,5.402241e-02,5.298915e-02,5.042593e-02,4.664034e-02,4.583988e-02,4.468508e-02,4.253036e-02,4.129226e-02,9.180783e-02,4.063395e+00,1.987854e-03,3.612755e-01,-1.167301e-02,-8.164111e-04,-2.387347e-04
1.574729e-01,1.403638e-01,1.132504e-01,1.082325e-01,9.857375e-02,9.041565e-02,7.837497e-02,7.176568e-02,6.894678e-02,6.812921e-02,6.786753e-02,6.387446e-02,6.211392e-02,5.914956e-02,5.721530e-02,5.445376e-02,5.168334e-02,5.122452e-02,4.975460e-02,4.751184e-02,4.279127e-02,3.983927e-02,3.714301e-02,3.648379e-02,6.812921e-02,4.172978e+00,1.689034e-02,2.646846e-01,-1.480170e-02,-7.984551e-04,-3.678364e-04
1.826811e-01,8.211887e-02,7.865037e-02,5.439883e-02,5.078929e-02,5.022016e-02,4.972135e-02,4.777226e-02,3.364117e-02,3.240126e-02,2.835109e-02,2.734555e-02,2.552611e-02,2.287125e-02,2.119053e-02,2.103647e-02,2.049765e-02,1.892312e-02,1.736802e-02,1.700929e-02,1.465468e-02,1.123267e-02,1.093866e-02,1.062176e-02,3.240126e-02,4.085740e+00,1.545751e-02,2.620240e-01,-1.467113e-02,-1.120700e-03,-3.080598e-04
1.222497e-01,1.102223e-01,7.144264e-02,5.843625e-02,5.836722e-02,5.744668e-02,4.891923e-02,4.799879e-02,4.779152e-02,4.418340e-02,4.081676e-02,3.793672e-02,3.692409e-02,3.494252e-02,3.046897e-02,2.914962e-02,2.726417e-02,2.715876e-02,2.610964e-02,2.294995e-02,2.176537e-02,2.107730e-02,2.053029e-02,1.978535e-02,4.418340e-02,4.127737e+00,1.306813e-02,2.726623e-01,-1.400138e-02,-8.675906e-04,-3.303880e-04
1.797493e-01,1.357811e-01,1.229217e-01,1.037248e-01,8.793957e-02,7.394642e-02,7.170983e-02,6.649756e-02,6.337697e-02,6.181411e-02,5.997388e-02,5.176974e-02,4.776730e-02,4.672720e-02,4.430020e-02,4.324420e-02,4.226734e-02,4.014494e-02,3.913464e-02,3.855297e-02,3.730219e-02,3.671052e-02,3.439870e-02,3.159347e-02,6.181411e-02,4.168453e+00,3.684854e-02,2.319956e-01,-1.858658e-02,-1.086831e-03,-4.166463e-04
1.728184e-01,1.446864e-01,1.309197e-01,1.024499e-01,8.879582e-02,8.078753e-02,7.572486e-02,7.061556e-02,6.752461e-02,6.031384e-02,5.710008e-02,5.557100e-02,4.796171e-02,4.629043e-02,4.216029e-02,3.744512e-02,3.349580e-02,3.302986e-02,3.232807e-02,2.996101e-02,2.956971e-02,2.868826e-02,2.773512e-02,2.718826e-02,6.031384e-02,4.123413e+00,1.498801e-02,2.675029e-01,-1.425218e-02,-8.408529e-04,-3.436445e-04
1.079426e-01,1.055975e-01,7.015765e-02,6.710471e-02,6.553662e-02,6.239543e-02,5.104888e-02,4.946038e-02,4.939136e-02,4.092178e-02,4.082728e-02,3.473009e-02,3.321952e-02,3.069618e-02,2.629632e-02,2.584180e-02,2.456861e-02,2.452386e-02,2.106863e-02,1.998518e-02,1.875754e-02,1.853307e-02,1.673578e-02,1.597133e-02,4.092178e-02,4.117092e+00,1.804720e-02,2.564076e-01,-1.518606e-02,-1.055366e-03,-3.299710e-04
1.091043e-01,9.949399e-02,7.600207e-02,7.513732e-02,6.833185e-02,6.489822e-02,6.086935e-02,5.645601e-02,5.504589e-02,5.262297e-02,4.827485e-02,4.763012e-02,3.715049e-02,3.487075e-02,3.480934e-02,3.363879e-02,3.274575e-02,3.160481e-02,3.027648e-02,2.951035e-02,2.911136e-02,2.806939e-02,2.744586e-02,2.708006e-02,5.262297e-02,4.180573e+00,1.528725e-02,2.669809e-01,-1.476568e-02,-9.048040e-04,-3.474123e-04
1.203789e-01,1.106471e-01,1.038537e-01,8.914975e-02,8.628064e-02,8.568673e-02,8.042946e-02,7.725737e-02,7.605948e-02,7.203670e-02,7.067662e-02,6.993892e-02,6.832175e-02,6.305971e-02,6.148765e-02,5.978361e-02,5.865371e-02,5.779713e-02,5.276922e-02,5.207064e-02,5.119724e-02,4.956582e-02,4.759528e-02,4.601511e-02,7.203670e-02,4.313217e+00,1.034137e-02,2.891411e-01,-1.430600e-02,-8.053078e-04,-3.573909e-04
1.226273e-01,9.704907e-02,9.010563e-02,8.298071e-02,7.582615e-02,7.296598e-02,6.580567e-02,6.511818e-02,6.219883e-02,6.189040e-02,5.658571e-02,5.169706e-02,5.073678e-02,4.939018e-02,4.723379e-02,4.697375e-02,4.639109e-02,4.514968e-02,4.334709e-02,3.861901e-02,3.667438e-02,3.615243e-02,3.520740e-02,3.459729e-02,6.189040e-02,4.244989e+00,1.471367e-02,2.697800e-01,-1.499010e-02,-9.344310e-04,-3.533616e-04
7.657703e-02,7.552207e-02,7.200268e-02,6.554632e-02,6.202763e-02,6.007191e-02,5.810028e-02,5.529108e-02,5.202533e-02,5.167326e-02,4.684427e-02,4.565564e-02,4.229221e-02,4.015448e-02,4.009145e-02,3.971557e-02,3.873373e-02,3.677519e-02,3.675853e-02,3.617568e-02,3.592817e-02,3.550816e-02,3.539388e-02,3.183775e-02,5.167326e-02,4.269987e+00,1.095835e-02,2.845297e-01,-1.429850e-02,-8.505934e-04,-3.474806e-04
9.787267e-02,7.792431e-02,7.354362e-02,7.037950e-02,6.996264e-02,6.850294e-02,6.556374e-02,6.140249e-02,5.863155e-02,5.840595e-02,5.486806e-02,5.123367e-02,4.640353e-02,4.510914e-02,4.256794e-02,4.088152e-02,4.067726e-02,3.863331e-02,3.725524e-02,3.593915e-02,3.391435e-02,3.268225e-02,3.006822e-02,2.762780e-02,5.840595e-02,4.197602e+00,1.050157e-02,2.841062e-01,-1.387911e-02,-8.487421e-04,-3.298664e-04
9.824619e-02,8.324507e-02,7.985469e-02,7.152841e-02,7.011716e-02,6.728413e-02,6.634620e-02,5.870003e-02,5.468368e-02,5.229421e-02,5.156632e-02,4.656347e-02,4.377761e-02,4.226315e-02,4.038723e-02,3.870428e-02,3.848670e-02,3.755937e-02,3.673648e-02,3.662823e-02,3.447529e-02,3.323601e-02,3.251842e-02,3.137776e-02,5.229421e-02,4.185353e+00,1.926530e-02,2.552628e-01,-1.574581e-02,-1.101670e-03,-3.451615e-04
1.210897e-01,9.718702e-02,9.334240e-02,8.127741e-02,7.259802e-02,7.002255e-02,6.430658e-02,6.394138e-02,5.964046e-02,5.905539e-02,5.802588e-02,5.342458e-02,5.045321e-02,5.008569e-02,4.870390e-02,4.601922e-02,4.554555e-02,4.444080e-02,4.368617e-02,4.319914e-02,4.278393e-02,4.253439e-02,4.174903e-02,4.106264e-02,5.905539e-02,4.253031e+00,1.725459e-02,2.613542e-01,-1.570910e-02,-1.123601e-03,-3.482886e-04
1.067624e-01,1.045711e-01,1.000483e-01,9.397009e-02,8.709679e-02,8.015874e-02,7.982064e-02,7.317399e-02,6.736570e-02,6.505172e-02,6.442203e-02,5.609885e-02,5.405931e-02,5.357945e-02,5.189615e-02,5.174848e-02,5.127942e-02,4.840990e-02,4.682723e-02,4.484577e-02,4.439240e-02,4.295814e-02,4.189886e-02,4.110641e-02,6.505172e-02,4.257411e+00,2.166158e-02,2.515850e-01,-1.662455e-02,-1.201042e-03,-3.607801e-04
9.044157e-02,8.561989e-02,8.314797e-02,8.053782e-02,7.387435e-02,6.956551e-02,6.827868e-02,6.464270e-02,6.341529e-02,6.091992e-02,5.788684e-02,5.623581e-02,5.507717e-02,5.230147e-02,5.146513e-02,4.884420e-02,4.706300e-02,4.657725e-02,4.522843e-02,4.450142e-02,4.351760e-02,4.252025e-02,4.075834e-02,3.967331e-02,6.091992e-02,4.270071e+00,9.648848e-03,2.911888e-01,-1.395240e-02,-7.938188e-04,-3.461148e-04
1.187769e-01,1.024713e-01,8.882225e-02,8.014050e-02,7.886512e-02,7.304818e-02,6.849201e-02,6.579493e-02,6.500456e-02,6.168216e-02,5.873767e-02,5.687210e-02,5.618510e-02,5.573201e-02,5.423111e-02,5.377969e-02,5.293396e-02,4.972918e-02,4.869634e-02,4.623219e-02,4.577420e-02,4.199873e-02,3.999845e-02,3.655789e-02,6.168216e-02,4.293079e+00,1.278254e-02,2.788774e-01,-1.470909e-02,-8.409922e-04,-3.651765e-04
1.447291e-01,1.108959e-01,1.065261e-01,9.062693e-02,8.803511e-02,8.579649e-02,7.855373e-02,7.599388e-02,7.361969e-02,6.979679e-02,6.613256e-02,6.425921e-02,6.393114e-02,6.346320e-02,6.148568e-02,5.784427e-02,5.433934e-02,5.181356e-02,4.940848e-02,4.931274e-02,4.836056e-02,4.576811e-02,4.339962e-02,4.218651e-02,6.979679e-02,4.304500e+00,1.185837e-02,2.824096e-01,-1.459348e-02,-8.280649e-04,-3.620120e-04
1.181397e-01,1.132803e-01,1.022560e-01,9.729585e-02,8.983683e-02,8.633743e-02,7.908297e-02,7.787651e-02,7.218911e-02,7.096084e-02,7.085253e-02,6.912343e-02,6.349204e-02,6.213827e-02,5.973255e-02,5.642372e-02,5.410409e-02,5.202911e-02,5.177226e-02,4.967248e-02,4.863846e-02,4.794037e-02,4.549704e-02,4.333564e-02,7.096084e-02,4.322430e+00,1.979607e-02,2.586354e-01,-1.636311e-02,-1.038842e-03,-3.835375e-04
1.216661e-01,9.144938e-02,8.780381e-02,8.758843e-02,8.402156e-02,7.613136e-02,7.380848e-02,7.163080e-02,6.773810e-02,6.490362e-02,6.181195e-02,5.612616e-02,5.335711e-02,5.309127e-02,5.196616e-02,5.095624e-02,5.011177e-02,4.400948e-02,4.175497e-02,4.085484e-02,3.991633e-02,3.902959e-02,3.784359e-02,3.650324e-02,6.490362e-02,4.235690e+00,1.466858e-02,2.697127e-01,-1.493801e-02,-9.319173e-04,-3.517694e-04
9.999792e-02,7.254515e-02,6.286558e-02,6.206436e-02,5.821503e-02,5.277382e-02,5.019712e-02,4.466813e-02,4.436985e-02,4.369688e-02,3.259235e-02,3.081539e-02,2.916535e-02,2.840571e-02,2.788263e-02,2.542911e-02,2.321650e-02,1.970043e-02,1.817214e-02,1.784624e-02,1.674570e-02,1.605619e-02,1.595514e-02,1.487157e-02,4.369688e-02,4.134393e+00,2.007055e-02,2.524402e-01,-1.567363e-02,-1.088096e-03,-3.396638e-04
9.698947e-02,9.144417e-02,8.643694e-02,8.032156e-02,7.248659e-02,7.011064e-02,6.575995e-02,6.293689e-02,6.205601e-02,6.175029e-02,5.571045e-02,5.434512e-02,4.908029e-02,4.897379e-02,4.818591e-02,4.367776e-02,4.121699e-02,3.845989e-02,3.795519e-02,3.614155e-02,3.416962e-02,3.103256e-02,3.050778e-02,2.972012e-02,6.175029e-02,4.198152e+00,1.381210e-02,2.717767e-01,-1.456900e-02,-8.930538e-04,-3.441336e-04
1.388732e-01,1.000544e-01,9.921689e-02,9.465533e-02,8.999795e-02,8.938193e-02,8.670865e-02,7.899830e-02,7.418775e-02,6.872879e-02,6.524569e-02,6.135343e-02,6.093641e-02,6.010169e-02,5.717985e-02,5.282926e-02,5.245591e-02,5.081463e-02,4.844707e-02,4.656750e-02,4.178450e-02,4.046280e-02,3.631388e-02,3.602949e-02,6.872879e-02,4.236726e+00,1.042083e-02,2.854456e-01,-1.407875e-02,-8.552481e-04,-3.362122e-04
1.196239e-01,7.678017e-02,7.238019e-02,6.411508e-02,6.243698e-02,5.058226e-02,4.484979e-02,4.444652e-02,4.399225e-02,3.657775e-02,3.374252e-02,3.312496e-02,2.812165e-02,2.733218e-02,2.545130e-02,2.157399e-02,1.948252e-02,1.845198e-02,1.618845e-02,1.593417e-02,1.556373e-02,1.380151e-02,1.262304e-02,1.182539e-02,3.657775e-02,4.137534e+00,1.255551e-02,2.746848e-01,-1.400393e-02,-8.464003e-04,-3.305471e-04
1.293967e-01,1.076884e-01,9.391895e-02,8.534323e-02,7.414847e-02,7.177800e-02,6.416696e-02,6.298074e-02,6.166011e-02,5.681088e-02,5.348632e-02,5.168989e-02,4.482755e-02,4.047658e-02,3.148431e-02,3.017483e-02,2.973390e-02,2.914551e-02,2.905342e-02,2.706264e-02,2.654258e-02,2.498974e-02,2.331489e-02,2.307475e-02,5.681088e-02,4.171747e+00,1.213123e-02,2.770688e-01,-1.410163e-02,-8.483162e-04,-3.344220e-04
1.033865e-01,9.717154e-02,9.632899e-02,9.553897e-02,6.433011e-02,5.933361e-02,5.564981e-02,5.090025e-02,4.955029e-02,4.919071e-02,4.777955e-02,4.752850e-02,4.482051e-02,4.392191e-02,4.058448e-02,3.522542e-02,3.260657e-02,3.154559e-02,3.025512e-02,2.851530e-02,2.822744e-02,2.660960e-02,2.411366e-02,2.396569e-02,4.919071e-02,4.184444e+00,1.300184e-02,2.756200e-01,-1.419540e-02,-7.995349e-04,-3.483485e-04
1.453278e-01,1.338408e-01,1.252411e-01,1.241595e-01,1.174229e-01,1.057108e-01,1.020224e-01,8.320626e-02,7.953891e-02,7.902622e-02,7.300400e-02,6.773900e-02,6.349892e-02,6.291040e-02,5.929299e-02,5.332840e-02,4.430836e-02,4.287211e-02,4.218536e-02,3.949986e-02,3.788950e-02,3.475077e-02,3.223735e-02,3.061595e-02,7.902622e-02,4.204510e+00,1.276110e-02,2.749536e-01,-1.447229e-02,-9.255385e-04,-3.364819e-04
