sample_name,a1,a2,a3,a4,a5,a6,SSE,R_square,DFE,adj_R_square,RMSE
sample10-195rpm-60kx-10,4.265115e+00,1.106302e-02,2.852637e-01,-1.420815e-02,-7.730088e-04,-3.559155e-04,1.947422e-03,9.992719e-01,40,9.991809e-01,6.977503e-03
sample10-195rpm-60kx-11,4.125322e+00,1.438865e-02,2.663462e-01,-1.458865e-02,-1.050501e-03,-3.172062e-04,1.328717e-03,9.994342e-01,40,9.993634e-01,5.763500e-03
sample10-195rpm-60kx-2,4.184694e+00,1.780519e-02,2.583320e-01,-1.557779e-02,-1.138770e-03,-3.363341e-04,1.262816e-03,9.994963e-01,40,9.994333e-01,5.618755e-03
sample10-195rpm-60kx-3,4.211880e+00,1.135131e-02,2.809432e-01,-1.419957e-02,-8.722420e-04,-3.361785e-04,1.512538e-03,9.994078e-01,40,9.993338e-01,6.149263e-03
sample10-195rpm-60kx-4,4.212359e+00,1.667330e-02,2.621235e-01,-1.546140e-02,-1.089436e-03,-3.409151e-04,1.227092e-03,9.995224e-01,40,9.994627e-01,5.538709e-03
sample10-195rpm-60kx-5,4.210769e+00,1.278208e-02,2.772210e-01,-1.432461e-02,-8.223181e-04,-3.519585e-04,2.085321e-03,9.991825e-01,40,9.990803e-01,7.220320e-03
sample10-195rpm-60kx-6,4.122317e+00,1.906069e-02,2.573565e-01,-1.502135e-02,-8.958318e-04,-3.592201e-04,3.345987e-03,9.985754e-01,40,9.983974e-01,9.146020e-03
sample10-195rpm-60kx-7,4.237983e+00,1.677441e-02,2.624122e-01,-1.559349e-02,-1.103453e-03,-3.451751e-04,1.219472e-03,9.995373e-01,40,9.994795e-01,5.521485e-03
sample10-195rpm-60kx-9,4.196824e+00,2.121338e-02,2.552873e-01,-1.585528e-02,-8.778729e-04,-3.846983e-04,3.037196e-03,9.987985e-01,40,9.986483e-01,8.713777e-03
sample10-20rpm-60kx-11,4.080104e+00,6.927026e-03,2.996522e-01,-1.291138e-02,-9.172593e-04,-2.790927e-04,1.088625e-03,9.995081e-01,40,9.994466e-01,5.216860e-03
sample10-20rpm-60kx-12,4.191300e+00,1.096612e-02,2.808009e-01,-1.430831e-02,-1.050514e-03,-3.118417e-04,9.368510e-04,9.996227e-01,40,9.995755e-01,4.839553e-03
sample10-20rpm-60kx-13,4.119107e+00,3.652811e-03,3.320733e-01,-1.235875e-02,-8.798056e-04,-2.643963e-04,1.041193e-03,9.995522e-01,40,9.994962e-01,5.101944e-03
sample10-20rpm-60kx-1,4.091123e+00,1.839618e-03,3.664567e-01,-1.185321e-02,-8.124834e-04,-2.416233e-04,9.492211e-04,9.995747e-01,40,9.995215e-01,4.871399e-03
sample10-20rpm-60kx-2,4.084249e+00,1.566806e-02,2.613988e-01,-1.471927e-02,-1.119794e-03,-3.083676e-04,1.295935e-03,9.994207e-01,40,9.993483e-01,5.691957e-03
sample10-20rpm-60kx-3,4.120924e+00,1.346080e-02,2.696289e-01,-1.449910e-02,-1.085795e-03,-3.094192e-04,1.092263e-03,9.995303e-01,40,9.994716e-01,5.225569e-03
sample10-20rpm-60kx-4,4.100519e+00,4.319798e-03,3.232193e-01,-1.243309e-02,-8.672455e-04,-2.670878e-04,1.013973e-03,9.995522e-01,40,9.994962e-01,5.034813e-03
sample10-20rpm-60kx-5,4.090275e+00,2.131257e-03,3.588579e-01,-1.192572e-02,-8.127809e-04,-2.457948e-04,9.385774e-04,9.995799e-01,40,9.995273e-01,4.844010e-03
sample10-20rpm-60kx-7,4.069121e+00,3.713356e-03,3.300241e-01,-1.217577e-02,-8.315823e-04,-2.588787e-04,9.998927e-04,9.995431e-01,40,9.994860e-01,4.999732e-03
sample10-20rpm-60kx-9,4.090948e+00,3.686805e-03,3.309146e-01,-1.226201e-02,-8.428252e-04,-2.613200e-04,9.838012e-04,9.995606e-01,40,9.995056e-01,4.959338e-03
sample11-100rpm-60kx-10,4.064510e+00,1.422695e-02,2.650687e-01,-1.418486e-02,-1.035289e-03,-3.056616e-04,1.606805e-03,9.992673e-01,40,9.991757e-01,6.337991e-03
sample11-100rpm-60kx-11,4.041803e+00,1.590914e-02,2.596534e-01,-1.452293e-02,-1.086704e-03,-3.044241e-04,1.481787e-03,9.993093e-01,40,9.992229e-01,6.086434e-03
sample11-100rpm-60kx-13,4.079424e+00,1.430120e-02,2.651114e-01,-1.426485e-02,-1.037596e-03,-3.075282e-04,1.578090e-03,9.992878e-01,40,9.991988e-01,6.281102e-03
sample11-100rpm-60kx-16,4.034578e+00,8.257905e-03,2.897217e-01,-1.290023e-02,-9.613759e-04,-2.761809e-04,1.394834e-03,9.993386e-01,40,9.992560e-01,5.905155e-03
sample11-100rpm-60kx-17,4.062554e+00,1.804268e-02,2.545882e-01,-1.494763e-02,-1.120693e-03,-3.143833e-04,1.662793e-03,9.992420e-01,40,9.991472e-01,6.447467e-03
sample11-100rpm-60kx-18,4.068069e+00,1.786057e-02,2.554826e-01,-1.483429e-02,-1.057125e-03,-3.201720e-04,1.914249e-03,9.991291e-01,40,9.990203e-01,6.917819e-03
sample11-100rpm-60kx-1,4.068985e+00,1.805564e-02,2.552499e-01,-1.492919e-02,-1.053781e-03,-3.222363e-04,1.790711e-03,9.991902e-01,40,9.990890e-01,6.690873e-03
sample11-100rpm-60kx-21,4.081388e+00,1.276659e-02,2.697514e-01,-1.393446e-02,-1.055813e-03,-2.979144e-04,1.558545e-03,9.992920e-01,40,9.992035e-01,6.242085e-03
sample11-100rpm-60kx-25,4.128046e+00,2.459806e-02,2.458159e-01,-1.619471e-02,-1.016437e-03,-3.686333e-04,3.076675e-03,9.986995e-01,40,9.985370e-01,8.770226e-03
sample11-100rpm-60kx-27,4.054755e+00,1.579450e-02,2.604318e-01,-1.462029e-02,-1.107025e-03,-3.048052e-04,1.305909e-03,9.993991e-01,40,9.993240e-01,5.713819e-03
sample11-100rpm-60kx-2,4.051788e+00,1.260930e-02,2.704136e-01,-1.391176e-02,-1.061656e-03,-2.941881e-04,1.378261e-03,9.993617e-01,40,9.992819e-01,5.869969e-03
sample11-100rpm-60kx-31,4.109583e+00,1.741169e-02,2.573353e-01,-1.508092e-02,-1.106262e-03,-3.219458e-04,1.457803e-03,9.993682e-01,40,9.992892e-01,6.036976e-03
sample11-100rpm-60kx-33,4.075953e+00,3.211456e-03,3.370292e-01,-1.200123e-02,-8.390576e-04,-2.535018e-04,1.110750e-03,9.994923e-01,40,9.994288e-01,5.269607e-03
sample11-100rpm-60kx-3,4.055768e+00,1.007721e-02,2.810662e-01,-1.340631e-02,-1.007548e-03,-2.866651e-04,1.325928e-03,9.993868e-01,40,9.993101e-01,5.757448e-03
sample11-100rpm-60kx-4,4.087399e+00,1.392674e-02,2.666311e-01,-1.425346e-02,-1.035365e-03,-3.084768e-04,1.488153e-03,9.993374e-01,40,9.992545e-01,6.099494e-03
sample11-100rpm-60kx-5,4.051756e+00,1.686499e-02,2.575149e-01,-1.463053e-02,-1.048166e-03,-3.140150e-04,1.752524e-03,9.991923e-01,40,9.990913e-01,6.619146e-03
sample11-100rpm-60kx-6,4.110484e+00,1.813548e-02,2.555114e-01,-1.520694e-02,-1.131952e-03,-3.222188e-04,1.488094e-03,9.993524e-01,40,9.992714e-01,6.099372e-03
sample11-100rpm-60kx-8,4.048211e+00,1.927701e-02,2.517422e-01,-1.497395e-02,-1.085836e-03,-3.207061e-04,2.228159e-03,9.989701e-01,40,9.988414e-01,7.463510e-03
sample11-195rpm-60kx-11,4.059019e+00,2.249978e-02,2.455702e-01,-1.574944e-02,-1.127112e-03,-3.308431e-04,1.925372e-03,9.991231e-01,40,9.990135e-01,6.937889e-03
sample11-195rpm-60kx-12,4.336202e+00,1.817754e-02,2.648074e-01,-1.588903e-02,-9.266495e-04,-3.978486e-04,2.767837e-03,9.990550e-01,40,9.989369e-01,8.318409e-03
sample11-195rpm-60kx-13,4.306982e+00,1.975820e-02,2.602799e-01,-1.611716e-02,-9.289740e-04,-3.963677e-04,2.661767e-03,9.990606e-01,40,9.989431e-01,8.157462e-03
sample11-195rpm-60kx-14,4.094977e+00,1.575562e-02,2.617822e-01,-1.466172e-02,-1.063325e-03,-3.168194e-04,1.496305e-03,9.993405e-01,40,9.992580e-01,6.116178e-03
sample11-195rpm-60kx-19,4.066625e+00,1.562587e-02,2.611190e-01,-1.462468e-02,-1.111383e-03,-3.058027e-04,1.309972e-03,9.994041e-01,40,9.993296e-01,5.722699e-03
sample11-195rpm-60kx-1,4.106586e+00,1.481563e-02,2.644536e-01,-1.453603e-02,-1.051938e-03,-3.149968e-04,1.439815e-03,9.993728e-01,40,9.992944e-01,5.999614e-03
sample11-195rpm-60kx-22,4.071538e+00,1.519745e-02,2.625393e-01,-1.440624e-02,-1.033928e-03,-3.117702e-04,1.629027e-03,9.992636e-01,40,9.991716e-01,6.381667e-03
sample11-195rpm-60kx-24,4.342297e+00,1.210719e-02,2.821880e-01,-1.475676e-02,-8.638657e-04,-3.683456e-04,1.934996e-03,9.993303e-01,40,9.992466e-01,6.955206e-03
sample11-195rpm-60kx-25,4.051853e+00,1.247203e-02,2.709464e-01,-1.388215e-02,-1.058566e-03,-2.936627e-04,1.372720e-03,9.993632e-01,40,9.992836e-01,5.858157e-03
sample11-195rpm-60kx-26,4.058868e+00,1.522691e-02,2.620885e-01,-1.433468e-02,-1.032037e-03,-3.095725e-04,1.699447e-03,9.992208e-01,40,9.991234e-01,6.518143e-03
sample11-195rpm-60kx-31,4.097658e+00,1.154394e-02,2.771566e-01,-1.359700e-02,-8.596719e-04,-3.172572e-04,1.998870e-03,9.991181e-01,40,9.990079e-01,7.069071e-03
sample11-195rpm-60kx-4,4.072212e+00,1.356600e-02,2.677162e-01,-1.422258e-02,-1.083009e-03,-3.003962e-04,1.297964e-03,9.994110e-01,40,9.993373e-01,5.696412e-03
sample11-195rpm-60kx-6,4.105199e+00,1.823930e-02,2.556873e-01,-1.515254e-02,-1.061579e-03,-3.287735e-04,1.658146e-03,9.992767e-01,40,9.991863e-01,6.438451e-03
sample11-195rpm-60kx-7,4.090977e+00,1.006708e-02,2.837650e-01,-1.324777e-02,-8.092805e-04,-3.129986e-04,1.969980e-03,9.991234e-01,40,9.990138e-01,7.017800e-03
sample11-195rpm-60kx-8,4.301036e+00,1.120801e-02,2.834839e-01,-1.456587e-02,-9.311808e-04,-3.470464e-04,1.374300e-03,9.995059e-01,40,9.994442e-01,5.861527e-03
sample11-20rpm-60kx-10,4.078728e+00,1.904417e-02,2.530317e-01,-1.509872e-02,-1.078695e-03,-3.257240e-04,1.943899e-03,9.991282e-01,40,9.990192e-01,6.971190e-03
sample11-20rpm-60kx-12,4.101103e+00,1.576257e-02,2.652132e-01,-1.428280e-02,-8.325531e-04,-3.450278e-04,2.832939e-03,9.987554e-01,40,9.985998e-01,8.415668e-03
sample11-20rpm-60kx-13,4.072436e+00,1.407833e-02,2.659423e-01,-1.412707e-02,-1.022217e-03,-3.079360e-04,1.709517e-03,9.992246e-01,40,9.991277e-01,6.537425e-03
sample11-20rpm-60kx-19,4.139535e+00,1.607427e-02,2.652643e-01,-1.452130e-02,-8.376551e-04,-3.519335e-04,2.727029e-03,9.988390e-01,40,9.986939e-01,8.256860e-03
sample11-20rpm-60kx-20,4.071064e+00,1.537061e-02,2.652030e-01,-1.396816e-02,-8.435286e-04,-3.360588e-04,3.250116e-03,9.985200e-01,40,9.983350e-01,9.014039e-03
sample11-20rpm-60kx-21,4.065273e+00,1.666029e-02,2.604451e-01,-1.430144e-02,-9.488133e-04,-3.296538e-04,2.885952e-03,9.986800e-01,40,9.985150e-01,8.494046e-03
sample11-20rpm-60kx-22,4.080859e+00,1.518682e-02,2.659484e-01,-1.398072e-02,-8.457614e-04,-3.367372e-04,3.239231e-03,9.985390e-01,40,9.983564e-01,8.998931e-03
sample11-20rpm-60kx-23,4.104900e+00,1.280531e-02,2.739859e-01,-1.364404e-02,-8.035801e-04,-3.314792e-04,2.781589e-03,9.987661e-01,40,9.986118e-01,8.339048e-03
sample11-20rpm-60kx-26,4.090248e+00,1.239002e-02,2.752072e-01,-1.350849e-02,-8.018228e-04,-3.282268e-04,2.788555e-03,9.987535e-01,40,9.985977e-01,8.349483e-03
sample11-20rpm-60kx-27,4.122401e+00,1.326557e-02,2.731106e-01,-1.388839e-02,-8.021571e-04,-3.385457e-04,2.591196e-03,9.988818e-01,40,9.987420e-01,8.048596e-03
sample11-20rpm-60kx-29,4.059808e+00,2.221158e-02,2.458276e-01,-1.559846e-02,-1.143032e-03,-3.284186e-04,2.177469e-03,9.990065e-01,40,9.988823e-01,7.378124e-03
sample11-20rpm-60kx-2,4.110367e+00,1.314040e-02,2.732284e-01,-1.379444e-02,-8.046687e-04,-3.357407e-04,2.688009e-03,9.988263e-01,40,9.986796e-01,8.197574e-03
sample11-20rpm-60kx-4,4.054921e+00,1.885392e-02,2.521571e-01,-1.489867e-02,-1.104595e-03,-3.158169e-04,2.126830e-03,9.990129e-01,40,9.988895e-01,7.291828e-03
sample11-20rpm-60kx-6,4.119495e+00,2.731705e-02,2.467750e-01,-1.614181e-02,-8.052276e-04,-4.131539e-04,6.716546e-03,9.971310e-01,40,9.967723e-01,1.295815e-02
sample11-20rpm-60kx-7,4.100034e+00,1.451173e-02,2.670160e-01,-1.413094e-02,-8.972372e-04,-3.291761e-04,2.342282e-03,9.989672e-01,40,9.988381e-01,7.652257e-03
sample11-20rpm-60kx-8,4.067088e+00,7.201805e-03,2.967549e-01,-1.276068e-02,-9.428074e-04,-2.751902e-04,1.308464e-03,9.993943e-01,40,9.993186e-01,5.719406e-03
sample11-20rpm-60kx-9,4.064809e+00,1.955682e-02,2.511166e-01,-1.512916e-02,-1.119534e-03,-3.212793e-04,2.032881e-03,9.990772e-01,40,9.989619e-01,7.128958e-03
sample12-100rpm-60kx-10,4.057467e+00,7.934666e-03,2.925359e-01,-1.300508e-02,-9.450911e-04,-2.799373e-04,1.203494e-03,9.994448e-01,40,9.993754e-01,5.485194e-03
sample12-100rpm-60kx-11,4.079099e+00,1.236481e-02,2.725819e-01,-1.406147e-02,-1.058096e-03,-2.993361e-04,1.198734e-03,9.994627e-01,40,9.993956e-01,5.474336e-03
sample12-100rpm-60kx-12,4.054281e+00,2.551665e-03,3.485470e-01,-1.183955e-02,-8.066689e-04,-2.459038e-04,1.029450e-03,9.995213e-01,40,9.994615e-01,5.073090e-03
sample12-100rpm-60kx-13,4.059023e+00,1.447651e-02,2.643627e-01,-1.434111e-02,-1.065900e-03,-3.035397e-04,1.368898e-03,9.993739e-01,40,9.992957e-01,5.849996e-03
sample12-100rpm-60kx-14,4.067968e+00,9.578538e-03,2.840497e-01,-1.342411e-02,-9.776680e-04,-2.884349e-04,1.148174e-03,9.994757e-01,40,9.994102e-01,5.357644e-03
sample12-100rpm-60kx-15,4.101001e+00,1.905729e-02,2.537799e-01,-1.528003e-02,-1.084545e-03,-3.306708e-04,1.811023e-03,9.992115e-01,40,9.991130e-01,6.728713e-03
sample12-100rpm-60kx-16,4.094103e+00,6.906515e-03,3.001126e-01,-1.295803e-02,-9.316883e-04,-2.808178e-04,1.096695e-03,9.995131e-01,40,9.994522e-01,5.236161e-03
sample12-100rpm-60kx-17,4.081136e+00,1.572956e-02,2.608501e-01,-1.461757e-02,-1.097983e-03,-3.100525e-04,1.577375e-03,9.992954e-01,40,9.992074e-01,6.279680e-03
sample12-100rpm-60kx-18,4.078223e+00,3.476993e-03,3.334245e-01,-1.214136e-02,-8.346272e-04,-2.574791e-04,1.023181e-03,9.995358e-01,40,9.994777e-01,5.057622e-03
sample12-100rpm-60kx-19,4.079364e+00,7.447517e-03,2.960024e-01,-1.297979e-02,-9.500162e-04,-2.804687e-04,1.203045e-03,9.994579e-01,40,9.993901e-01,5.484169e-03
sample12-100rpm-60kx-1,4.163996e+00,1.845513e-02,2.583832e-01,-1.531883e-02,-9.758075e-04,-3.532332e-04,2.148033e-03,9.991201e-01,40,9.990101e-01,7.328084e-03
sample12-100rpm-60kx-20,4.125786e+00,7.538593e-03,2.967969e-01,-1.325780e-02,-9.543332e-04,-2.886541e-04,1.024171e-03,9.995602e-01,40,9.995052e-01,5.060067e-03
sample12-100rpm-60kx-21,4.087786e+00,5.744299e-03,3.088901e-01,-1.269147e-02,-8.871767e-04,-2.742533e-04,1.032837e-03,9.995363e-01,40,9.994784e-01,5.081428e-03
sample12-100rpm-60kx-22,4.073729e+00,2.201196e-02,2.467558e-01,-1.571195e-02,-1.136437e-03,-3.313754e-04,1.989116e-03,9.991086e-01,40,9.989971e-01,7.051801e-03
sample12-100rpm-60kx-24,4.052561e+00,5.899310e-03,3.064664e-01,-1.253737e-02,-8.895956e-04,-2.697246e-04,1.170181e-03,9.994566e-01,40,9.993887e-01,5.408745e-03
sample12-100rpm-60kx-25,4.117774e+00,1.467257e-02,2.684576e-01,-1.420826e-02,-8.307328e-04,-3.422142e-04,2.611594e-03,9.988724e-01,40,9.987315e-01,8.080213e-03
sample12-100rpm-60kx-27,4.137768e+00,4.728996e-03,3.197829e-01,-1.270835e-02,-8.900542e-04,-2.753744e-04,9.380556e-04,9.996022e-01,40,9.995524e-01,4.842664e-03
sample12-100rpm-60kx-28,4.118251e+00,1.367780e-02,2.686881e-01,-1.451993e-02,-1.092232e-03,-3.094720e-04,1.129670e-03,9.995141e-01,40,9.994533e-01,5.314296e-03
sample12-100rpm-60kx-29,4.057670e+00,3.935429e-03,3.267585e-01,-1.216174e-02,-8.338586e-04,-2.587574e-04,1.042905e-03,9.995171e-01,40,9.994568e-01,5.106136e-03
sample12-100rpm-60kx-2,4.130423e+00,1.492226e-02,2.648501e-01,-1.472298e-02,-1.051929e-03,-3.197027e-04,1.294257e-03,9.994498e-01,40,9.993810e-01,5.688271e-03
sample12-100rpm-60kx-30,4.049298e+00,1.969774e-03,3.616531e-01,-1.167058e-02,-8.022419e-04,-2.378287e-04,1.070940e-03,9.994985e-01,40,9.994359e-01,5.174311e-03
sample12-100rpm-60kx-31,4.110547e+00,2.488330e-02,2.451117e-01,-1.616104e-02,-1.024674e-03,-3.662541e-04,3.233657e-03,9.986092e-01,40,9.984353e-01,8.991186e-03
sample12-100rpm-60kx-3,4.105294e+00,1.018741e-02,2.821804e-01,-1.373937e-02,-1.006678e-03,-2.965489e-04,1.075306e-03,9.995291e-01,40,9.994703e-01,5.184849e-03
sample12-100rpm-60kx-4,4.059294e+00,6.820032e-03,2.998273e-01,-1.278062e-02,-9.184843e-04,-2.755518e-04,1.166100e-03,9.994637e-01,40,9.993967e-01,5.399306e-03
sample12-100rpm-60kx-7,4.075937e+00,1.229326e-02,2.744268e-01,-1.359984e-02,-8.336159e-04,-3.207784e-04,2.325482e-03,9.989516e-01,40,9.988205e-01,7.624765e-03
sample12-100rpm-60kx-8,4.088011e+00,1.927989e-02,2.526999e-01,-1.534315e-02,-1.093574e-03,-3.265353e-04,1.579783e-03,9.993006e-01,40,9.992131e-01,6.284472e-03
sample12-100rpm-60kx-9,4.041060e+00,1.219548e-02,2.713920e-01,-1.373444e-02,-1.019300e-03,-2.932788e-04,1.515344e-03,9.992915e-01,40,9.992029e-01,6.154966e-03
sample12-195rpm-60kx-15,4.122919e+00,1.769639e-02,2.572972e-01,-1.536497e-02,-1.159828e-03,-3.215135e-04,1.121282e-03,9.995204e-01,40,9.994604e-01,5.294530e-03
sample12-195rpm-60kx-17,4.134220e+00,1.960775e-02,2.530053e-01,-1.561830e-02,-1.114240e-03,-3.346278e-04,1.511110e-03,9.993611e-01,40,9.992812e-01,6.146360e-03
sample12-195rpm-60kx-19,4.154832e+00,3.634360e-02,2.323452e-01,-1.844522e-02,-1.089862e-03,-4.135198e-04,4.247885e-03,9.982753e-01,40,9.980597e-01,1.030520e-02
sample12-195rpm-60kx-20,4.120956e+00,1.817994e-02,2.599265e-01,-1.486915e-02,-8.503079e-04,-3.596397e-04,3.093470e-03,9.986773e-01,40,9.985120e-01,8.794131e-03
sample12-195rpm-60kx-21,4.043269e+00,1.457304e-02,2.639951e-01,-1.433764e-02,-1.089150e-03,-2.997894e-04,1.312505e-03,9.993890e-01,40,9.993126e-01,5.728231e-03
sample12-195rpm-60kx-23,4.048143e+00,1.866980e-02,2.533080e-01,-1.492964e-02,-1.068170e-03,-3.202663e-04,2.016289e-03,9.990713e-01,40,9.989552e-01,7.099805e-03
sample12-195rpm-60kx-24,4.050646e+00,2.247253e-02,2.454177e-01,-1.568326e-02,-1.140061e-03,-3.291353e-04,2.106002e-03,9.990371e-01,40,9.989168e-01,7.256035e-03
sample12-195rpm-60kx-25,4.102238e+00,1.738675e-02,2.597954e-01,-1.481474e-02,-9.221249e-04,-3.418432e-04,2.226355e-03,9.990282e-01,40,9.989067e-01,7.460488e-03
sample12-195rpm-60kx-26,4.082494e+00,1.475325e-02,2.660542e-01,-1.413680e-02,-8.989496e-04,-3.279748e-04,2.424796e-03,9.989177e-01,40,9.987824e-01,7.785878e-03
sample12-195rpm-60kx-28,4.114824e+00,1.281211e-02,2.787196e-01,-1.345533e-02,-5.979151e-04,-3.627565e-04,4.404812e-03,9.980952e-01,40,9.978571e-01,1.049382e-02
sample12-195rpm-60kx-29,4.087565e+00,1.778832e-02,2.560275e-01,-1.505083e-02,-1.086224e-03,-3.211362e-04,1.549427e-03,9.993135e-01,40,9.992277e-01,6.223800e-03
sample12-195rpm-60kx-2,4.078632e+00,1.365357e-02,2.675346e-01,-1.427999e-02,-1.046532e-03,-3.043919e-04,1.252925e-03,9.994361e-01,40,9.993656e-01,5.596707e-03
sample12-195rpm-60kx-31,4.052959e+00,1.423870e-02,2.648850e-01,-1.418103e-02,-1.024393e-03,-3.043418e-04,1.561327e-03,9.992793e-01,40,9.991892e-01,6.247653e-03
sample12-195rpm-60kx-36,4.065041e+00,1.906617e-02,2.528577e-01,-1.509648e-02,-1.073993e-03,-3.244358e-04,1.938512e-03,9.991225e-01,40,9.990128e-01,6.961523e-03
sample12-195rpm-60kx-38,4.056170e+00,1.401680e-02,2.656946e-01,-1.422725e-02,-1.049444e-03,-3.020520e-04,1.361109e-03,9.993748e-01,40,9.992967e-01,5.833330e-03
sample12-195rpm-60kx-39,4.104429e+00,2.308965e-02,2.511889e-01,-1.559993e-02,-8.398832e-04,-3.825951e-04,4.243311e-03,9.981574e-01,40,9.979271e-01,1.029965e-02
sample12-195rpm-60kx-42,4.083210e+00,1.645008e-02,2.594122e-01,-1.472129e-02,-1.053217e-03,-3.179344e-04,1.644329e-03,9.992673e-01,40,9.991758e-01,6.411570e-03
sample12-195rpm-60kx-45,4.077424e+00,1.437654e-02,2.651350e-01,-1.434150e-02,-1.028414e-03,-3.091863e-04,1.432218e-03,9.993560e-01,40,9.992755e-01,5.983765e-03
sample12-195rpm-60kx-47,4.121122e+00,2.944226e-02,2.476633e-01,-1.637197e-02,-6.550242e-04,-4.483668e-04,8.935675e-03,9.962252e-01,40,9.957534e-01,1.494630e-02
sample12-195rpm-60kx-49,4.075043e+00,1.179729e-02,2.756543e-01,-1.357273e-02,-8.603225e-04,-3.140767e-04,2.005677e-03,9.990928e-01,40,9.989794e-01,7.081097e-03
sample12-195rpm-60kx-50,4.097899e+00,1.624421e-02,2.601188e-01,-1.486556e-02,-1.093242e-03,-3.159011e-04,1.328832e-03,9.994175e-01,40,9.993447e-01,5.763748e-03
sample12-195rpm-60kx-52,4.080278e+00,1.168343e-02,2.760247e-01,-1.350547e-02,-8.671743e-04,-3.139627e-04,2.244721e-03,9.989896e-01,40,9.988633e-01,7.491197e-03
sample12-195rpm-60kx-6,4.071826e+00,1.425184e-02,2.653955e-01,-1.437279e-02,-1.061892e-03,-3.050175e-04,1.284006e-03,9.994201e-01,40,9.993476e-01,5.665700e-03
sample12-195rpm-60kx-7,4.081438e+00,6.007797e-03,3.064412e-01,-1.271340e-02,-8.967330e-04,-2.749484e-04,1.069813e-03,9.995186e-01,40,9.994584e-01,5.171588e-03
sample12-195rpm-60kx-8,4.219876e+00,1.267593e-02,2.748784e-01,-1.482139e-02,-1.109966e-03,-3.228454e-04,9.110796e-04,9.996467e-01,40,9.996025e-01,4.772524e-03
sample12-195rpm-60kx-9,4.374312e+00,1.803383e-02,2.619364e-01,-1.644638e-02,-1.167564e-03,-3.690252e-04,1.142644e-03,9.996152e-01,40,9.995672e-01,5.344725e-03
sample12-20rpm-60kx-16,4.036019e+00,1.582809e-03,3.727134e-01,-1.153024e-02,-7.862444e-04,-2.306613e-04,1.040683e-03,9.995039e-01,40,9.994419e-01,5.100694e-03
sample12-20rpm-60kx-18,4.054112e+00,1.158186e-02,2.749138e-01,-1.377328e-02,-1.029258e-03,-2.930014e-04,1.237777e-03,9.994293e-01,40,9.993579e-01,5.562771e-03
sample12-20rpm-60kx-1,4.081155e+00,2.229823e-02,2.464681e-01,-1.583746e-02,-1.128003e-03,-3.339393e-04,1.825117e-03,9.991865e-01,40,9.990848e-01,6.754845e-03
sample12-20rpm-60kx-20,4.048898e+00,1.228797e-03,3.866269e-01,-1.154821e-02,-7.894432e-04,-2.265108e-04,9.696481e-04,9.995449e-01,40,9.994880e-01,4.923536e-03
sample12-20rpm-60kx-21,4.104138e+00,3.592559e-03,3.324103e-01,-1.228189e-02,-8.386702e-04,-2.616645e-04,9.591519e-04,9.995744e-01,40,9.995212e-01,4.896815e-03
sample12-20rpm-60kx-26,4.039958e+00,1.239697e-02,2.713486e-01,-1.385734e-02,-1.052185e-03,-2.926104e-04,1.344898e-03,9.993710e-01,40,9.992924e-01,5.798487e-03
sample12-20rpm-60kx-27,4.121680e+00,1.326821e-02,2.732026e-01,-1.391601e-02,-8.061222e-04,-3.388852e-04,2.619748e-03,9.988736e-01,40,9.987328e-01,8.092818e-03
sample12-20rpm-60kx-29,4.032441e+00,9.644757e-03,2.826848e-01,-1.324145e-02,-9.848528e-04,-2.825357e-04,1.324550e-03,9.993740e-01,40,9.992957e-01,5.754454e-03
sample12-20rpm-60kx-34,4.068319e+00,4.897628e-03,3.160228e-01,-1.238245e-02,-8.738692e-04,-2.657943e-04,1.132505e-03,9.994816e-01,40,9.994168e-01,5.320961e-03
sample12-20rpm-60kx-42,4.064427e+00,2.895618e-03,3.421246e-01,-1.191861e-02,-8.236522e-04,-2.496005e-04,1.094928e-03,9.994943e-01,40,9.994311e-01,5.231940e-03
sample12-20rpm-60kx-44,4.074188e+00,3.769430e-03,3.290882e-01,-1.214802e-02,-8.566700e-04,-2.583729e-04,1.142183e-03,9.994804e-01,40,9.994155e-01,5.343648e-03
sample12-20rpm-60kx-6,4.067413e+00,1.876726e-02,2.536451e-01,-1.507282e-02,-1.065281e-03,-3.244121e-04,1.843906e-03,9.991676e-01,40,9.990636e-01,6.789526e-03
sample12-20rpm-60kx-7,4.071517e+00,1.660215e-02,2.587699e-01,-1.470401e-02,-1.050818e-03,-3.167490e-04,1.665311e-03,9.992497e-01,40,9.991559e-01,6.452347e-03
sample7-195rpm-60kx-10,4.156053e+00,1.741905e-02,2.636934e-01,-1.473577e-02,-7.675866e-04,-3.717486e-04,3.669277e-03,9.984728e-01,40,9.982819e-01,9.577678e-03
sample7-195rpm-60kx-11,4.211089e+00,1.479602e-02,2.687220e-01,-1.484122e-02,-9.256996e-04,-3.479673e-04,1.775407e-03,9.993019e-01,40,9.992146e-01,6.662221e-03
sample7-195rpm-60kx-1,4.127011e+00,1.929800e-02,2.538960e-01,-1.546885e-02,-1.087098e-03,-3.359849e-04,1.666771e-03,9.992923e-01,40,9.992038e-01,6.455174e-03
sample7-195rpm-60kx-2,4.141588e+00,1.226659e-02,2.757744e-01,-1.396475e-02,-8.457790e-04,-3.296413e-04,1.885438e-03,9.992023e-01,40,9.991026e-01,6.865562e-03
sample7-195rpm-60kx-3,4.144377e+00,1.887397e-02,2.569353e-01,-1.530679e-02,-9.620131e-04,-3.512563e-04,2.128753e-03,9.991061e-01,40,9.989944e-01,7.295123e-03
sample7-195rpm-60kx-4,4.084018e+00,1.674602e-02,2.587136e-01,-1.479646e-02,-1.050921e-03,-3.194345e-04,1.586735e-03,9.992935e-01,40,9.992052e-01,6.298283e-03
sample7-195rpm-60kx-5,4.136286e+00,2.352789e-02,2.482551e-01,-1.611031e-02,-1.003971e-03,-3.676089e-04,2.608392e-03,9.989024e-01,40,9.987652e-01,8.075258e-03
sample7-195rpm-60kx-6,4.112226e+00,1.321589e-02,2.719091e-01,-1.400055e-02,-8.543110e-04,-3.293393e-04,2.070325e-03,9.991001e-01,40,9.989876e-01,7.194312e-03
sample7-195rpm-60kx-7,4.142333e+00,1.850173e-02,2.577680e-01,-1.522209e-02,-9.645688e-04,-3.498473e-04,2.153977e-03,9.990965e-01,40,9.989836e-01,7.338217e-03
sample7-195rpm-60kx-8,4.102383e+00,2.251675e-02,2.466586e-01,-1.600894e-02,-1.129482e-03,-3.389000e-04,1.677205e-03,9.992695e-01,40,9.991782e-01,6.475347e-03
sample7-195rpm-60kx-9,4.169855e+00,1.882775e-02,2.602873e-01,-1.521185e-02,-8.122125e-04,-3.745670e-04,2.980120e-03,9.987727e-01,40,9.986193e-01,8.631512e-03
sample7-20rpm-60kx-10,4.073320e+00,8.269391e-03,2.908074e-01,-1.311361e-02,-9.620286e-04,-2.829446e-04,1.204025e-03,9.994522e-01,40,9.993837e-01,5.486404e-03
sample7-20rpm-60kx-11,4.127828e+00,1.483559e-02,2.648664e-01,-1.463986e-02,-1.057994e-03,-3.181639e-04,1.395962e-03,9.994040e-01,40,9.993295e-01,5.907541e-03
sample7-20rpm-60kx-2,4.082536e+00,1.182493e-02,2.739237e-01,-1.386391e-02,-1.015669e-03,-2.990887e-04,1.329999e-03,9.994038e-01,40,9.993292e-01,5.766280e-03
sample7-20rpm-60kx-3,4.106696e+00,1.457417e-02,2.651136e-01,-1.456590e-02,-1.072312e-03,-3.114647e-04,1.263724e-03,9.994481e-01,40,9.993791e-01,5.620773e-03
sample7-20rpm-60kx-5,4.083509e+00,1.504935e-02,2.633445e-01,-1.460240e-02,-1.112804e-03,-3.071320e-04,1.255318e-03,9.994402e-01,40,9.993703e-01,5.602050e-03
sample7-20rpm-60kx-6,4.121118e+00,1.524643e-02,2.636487e-01,-1.481954e-02,-1.133208e-03,-3.135711e-04,1.196344e-03,9.994878e-01,40,9.994237e-01,5.468876e-03
sample7-20rpm-60kx-7,4.118713e+00,1.344379e-02,2.691464e-01,-1.440555e-02,-1.064257e-03,-3.096589e-04,1.203025e-03,9.994811e-01,40,9.994163e-01,5.484125e-03
sample7-20rpm-60kx-8,4.100711e+00,1.486725e-02,2.643841e-01,-1.465095e-02,-1.111616e-03,-3.090642e-04,1.195550e-03,9.994738e-01,40,9.994080e-01,5.467060e-03
sample7-20rpm-60kx-9,4.103343e+00,1.544491e-02,2.624811e-01,-1.475128e-02,-1.131643e-03,-3.108922e-04,1.277029e-03,9.994428e-01,40,9.993732e-01,5.650285e-03
sample7-20rpm-60kx,4.118300e+00,1.957560e-02,2.530429e-01,-1.546296e-02,-1.090984e-03,-3.350593e-04,1.748783e-03,9.992505e-01,40,9.991569e-01,6.612079e-03
sample8-195rpm-60kx-10,4.426211e+00,4.513389e-02,2.330981e-01,-2.105485e-02,-1.149726e-03,-5.157055e-04,6.915020e-03,9.978682e-01,40,9.976018e-01,1.314821e-02
sample8-195rpm-60kx-1,4.231300e+00,1.234325e-02,2.774014e-01,-1.433708e-02,-9.269233e-04,-3.405727e-04,1.799617e-03,9.993040e-01,40,9.992170e-01,6.707490e-03
sample8-195rpm-60kx-2,4.299690e+00,2.153806e-02,2.550802e-01,-1.650922e-02,-1.026935e-03,-3.886376e-04,2.208721e-03,9.992073e-01,40,9.991082e-01,7.430882e-03
sample8-195rpm-60kx-3,4.248561e+00,2.001660e-02,2.578153e-01,-1.584401e-02,-9.398499e-04,-3.824007e-04,2.773020e-03,9.989561e-01,40,9.988257e-01,8.326193e-03
sample8-195rpm-60kx-4,4.373577e+00,4.470556e-02,2.324965e-01,-2.087555e-02,-1.040696e-03,-5.056340e-04,5.788355e-03,9.980905e-01,40,9.978519e-01,1.202950e-02
sample8-195rpm-60kx-5,4.226806e+00,1.339885e-02,2.738952e-01,-1.466388e-02,-9.348750e-04,-3.450105e-04,1.576485e-03,9.993912e-01,40,9.993151e-01,6.277908e-03
sample8-195rpm-60kx-6,4.288450e+00,1.050586e-02,2.864976e-01,-1.428313e-02,-8.681541e-04,-3.461199e-04,1.585766e-03,9.994212e-01,40,9.993488e-01,6.296359e-03
sample8-195rpm-60kx-7,4.371638e+00,1.870506e-02,2.633830e-01,-1.620697e-02,-9.562700e-04,-3.991007e-04,2.377849e-03,9.992032e-01,40,9.991036e-01,7.710138e-03
sample8-195rpm-60kx-8,4.368964e+00,1.944022e-02,2.621977e-01,-1.633662e-02,-9.363640e-04,-4.050663e-04,2.517156e-03,9.991560e-01,40,9.990505e-01,7.932774e-03
sample8-195rpm-60kx-9,4.446097e+00,4.234439e-02,2.350454e-01,-2.080440e-02,-1.089060e-03,-5.062961e-04,5.348867e-03,9.983450e-01,40,9.981381e-01,1.156381e-02
sample8-20rpm-60kx-10,4.120367e+00,2.103150e-02,2.529315e-01,-1.537579e-02,-9.344494e-04,-3.628005e-04,3.373763e-03,9.985570e-01,40,9.983767e-01,9.183904e-03
sample8-20rpm-60kx-1,4.150832e+00,1.448081e-02,2.663337e-01,-1.474473e-02,-1.127946e-03,-3.153822e-04,1.220559e-03,9.994916e-01,40,9.994280e-01,5.523945e-03
sample8-20rpm-60kx-2a,4.114713e+00,1.256192e-02,2.718468e-01,-1.413407e-02,-1.053389e-03,-3.058759e-04,1.361679e-03,9.994110e-01,40,9.993373e-01,5.834549e-03
sample8-20rpm-60kx-2b,4.063395e+00,1.987854e-03,3.612755e-01,-1.167301e-02,-8.164111e-04,-2.387347e-04,1.112593e-03,9.994844e-01,40,9.994199e-01,5.273977e-03
sample8-20rpm-60kx-3,4.172978e+00,1.689034e-02,2.646846e-01,-1.480170e-02,-7.984551e-04,-3.678364e-04,3.063284e-03,9.987469e-01,40,9.985903e-01,8.751120e-03
sample8-20rpm-60kx-4,4.085740e+00,1.545751e-02,2.620240e-01,-1.467113e-02,-1.120700e-03,-3.080598e-04,1.294079e-03,9.994233e-01,40,9.993512e-01,5.687879e-03
sample8-20rpm-60kx-5,4.127737e+00,1.306813e-02,2.726623e-01,-1.400138e-02,-8.675906e-04,-3.303880e-04,2.143115e-03,9.990821e-01,40,9.989674e-01,7.319690e-03
sample8-20rpm-60kx-6,4.168453e+00,3.684854e-02,2.319956e-01,-1.858658e-02,-1.086831e-03,-4.166463e-04,4.182330e-03,9.983135e-01,40,9.981026e-01,1.022537e-02
sample8-20rpm-60kx-7,4.123413e+00,1.498801e-02,2.675029e-01,-1.425218e-02,-8.408529e-04,-3.436445e-04,2.744114e-03,9.988201e-01,40,9.986726e-01,8.282684e-03
sample8-20rpm-60kx-8,4.117092e+00,1.804720e-02,2.564076e-01,-1.518606e-02,-1.055366e-03,-3.299710e-04,1.569393e-03,9.993212e-01,40,9.992364e-01,6.263771e-03
sample8-20rpm-60kx-9,4.180573e+00,1.528725e-02,2.669809e-01,-1.476568e-02,-9.048040e-04,-3.474123e-04,1.933777e-03,9.992169e-01,40,9.991190e-01,6.953015e-03
sample9-195rpm-60kx-10,4.313217e+00,1.034137e-02,2.891411e-01,-1.430600e-02,-8.053078e-04,-3.573909e-04,1.716923e-03,9.993874e-01,40,9.993108e-01,6.551571e-03
sample9-195rpm-60kx-11,4.244989e+00,1.471367e-02,2.697800e-01,-1.499010e-02,-9.344310e-04,-3.533616e-04,1.701126e-03,9.993534e-01,40,9.992725e-01,6.521362e-03
sample9-195rpm-60kx-13,4.269987e+00,1.095835e-02,2.845297e-01,-1.429850e-02,-8.505934e-04,-3.474806e-04,1.612925e-03,9.994010e-01,40,9.993261e-01,6.350049e-03
sample9-195rpm-60kx-2,4.197602e+00,1.050157e-02,2.841062e-01,-1.387911e-02,-8.487421e-04,-3.298664e-04,1.632794e-03,9.993461e-01,40,9.992643e-01,6.389042e-03
sample9-195rpm-60kx-2b,4.185353e+00,1.926530e-02,2.552628e-01,-1.574581e-02,-1.101670e-03,-3.451615e-04,1.521471e-03,9.993890e-01,40,9.993127e-01,6.167397e-03
sample9-195rpm-60kx-2c,4.253031e+00,1.725459e-02,2.613542e-01,-1.570910e-02,-1.123601e-03,-3.482886e-04,1.295370e-03,9.995152e-01,40,9.994546e-01,5.690715e-03
sample9-195rpm-60kx-3,4.257411e+00,2.166158e-02,2.515850e-01,-1.662455e-02,-1.201042e-03,-3.607801e-04,1.345813e-03,9.995010e-01,40,9.994386e-01,5.800459e-03
sample9-195rpm-60kx-4,4.270071e+00,9.648848e-03,2.911888e-01,-1.395240e-02,-7.938188e-04,-3.461148e-04,1.749420e-03,9.993494e-01,40,9.992681e-01,6.613283e-03
sample9-195rpm-60kx-5,4.293079e+00,1.278254e-02,2.788774e-01,-1.470909e-02,-8.409922e-04,-3.651765e-04,1.950560e-03,9.992944e-01,40,9.992062e-01,6.983123e-03
sample9-195rpm-60kx-6,4.304500e+00,1.185837e-02,2.824096e-01,-1.459348e-02,-8.280649e-04,-3.620120e-04,1.791120e-03,9.993559e-01,40,9.992754e-01,6.691636e-03
sample9-195rpm-60kx-7,4.322430e+00,1.979607e-02,2.586354e-01,-1.636311e-02,-1.038842e-03,-3.835375e-04,1.870262e-03,9.993447e-01,40,9.992628e-01,6.837876e-03
sample9-195rpm-60kx-8,4.235690e+00,1.466858e-02,2.697127e-01,-1.493801e-02,-9.319173e-04,-3.517694e-04,1.712793e-03,9.993435e-01,40,9.992614e-01,6.543686e-03
sample9-20rpm-60kx-10,4.134393e+00,2.007055e-02,2.524402e-01,-1.567363e-02,-1.088096e-03,-3.396638e-04,1.599352e-03,9.993241e-01,40,9.992397e-01,6.323274e-03
sample9-20rpm-60kx-2,4.198152e+00,1.381210e-02,2.717767e-01,-1.456900e-02,-8.930538e-04,-3.441336e-04,1.784683e-03,9.992886e-01,40,9.991997e-01,6.679600e-03
sample9-20rpm-60kx-5,4.236726e+00,1.042083e-02,2.854456e-01,-1.407875e-02,-8.552481e-04,-3.362122e-04,1.499743e-03,9.994237e-01,40,9.993516e-01,6.123200e-03
sample9-20rpm-60kx-6,4.137534e+00,1.255551e-02,2.746848e-01,-1.400393e-02,-8.464003e-04,-3.305471e-04,1.905095e-03,9.991914e-01,40,9.990903e-01,6.901259e-03
sample9-20rpm-60kx-7,4.171747e+00,1.213123e-02,2.770688e-01,-1.410163e-02,-8.483162e-04,-3.344220e-04,1.762608e-03,9.992777e-01,40,9.991874e-01,6.638162e-03
sample9-20rpm-60kx-9,4.184444e+00,1.300184e-02,2.756200e-01,-1.419540e-02,-7.995349e-04,-3.483485e-04,2.238784e-03,9.990917e-01,40,9.989782e-01,7.481284e-03
sample9-20rpm-60kx,4.204510e+00,1.276110e-02,2.749536e-01,-1.447229e-02,-9.255385e-04,-3.364819e-04,1.479935e-03,9.994150e-01,40,9.993418e-01,6.082630e-03
