input1,input2,input3,input4,input5,input6,input7,input8,input9,input10,input11,input12,input13,input14,input15,input16,input17,input18,input19,input20,input21,input22,input23,input24,input25,output1,output2,output3,output4,output5,output6,output7
1.015998e-01,9.616653e-02,6.952440e-02,5.283085e-02,4.010550e-02,3.382535e-02,3.090160e-02,2.890085e-02,2.592787e-02,2.524564e-02,2.435958e-02,2.143254e-02,2.077302e-02,1.435533e-02,1.394786e-02,1.362161e-02,1.153844e-02,1.110264e-02,8.727751e-03,8.383026e-03,8.231290e-03,7.616358e-03,7.332260e-03,6.489450e-03,2.524564e-02,4.029676e-08,-1.398320e-06,8.823242e-06,-2.049626e-05,1.161035e-03,1.715121e-03,2.118642e-02
2.436340e-01,1.523996e-01,1.025004e-01,8.900225e-02,7.994922e-02,7.908371e-02,7.240307e-02,6.447134e-02,5.846125e-02,5.807229e-02,5.375024e-02,4.691385e-02,4.271624e-02,4.115555e-02,3.997495e-02,3.639307e-02,3.423237e-02,3.305585e-02,3.122472e-02,2.965536e-02,2.527402e-02,2.514648e-02,2.466279e-02,2.231386e-02,5.807229e-02,8.020637e-08,-2.378476e-06,1.290088e-05,3.451342e-05,7.261313e-04,1.609013e-03,2.151133e-02
1.007619e-01,9.046425e-02,8.829706e-02,7.902000e-02,7.031573e-02,6.414318e-02,6.373364e-02,5.968138e-02,5.619543e-02,5.183378e-02,4.879377e-02,4.724882e-02,3.908703e-02,3.633831e-02,3.585750e-02,3.409043e-02,3.267154e-02,3.098865e-02,2.884768e-02,2.694064e-02,2.673106e-02,2.623891e-02,2.398149e-02,2.009852e-02,5.183378e-02,6.769259e-08,-2.051823e-06,1.096350e-05,2.329500e-05,8.597847e-04,1.677245e-03,2.164062e-02
5.258917e-02,4.014683e-02,2.904811e-02,2.828847e-02,2.255211e-02,1.664471e-02,1.404810e-02,1.056854e-02,8.758595e-03,6.335468e-03,5.708771e-03,5.562127e-03,5.334855e-03,5.253725e-03,4.058920e-03,3.742930e-03,3.677301e-03,2.754558e-03,2.652621e-03,2.161627e-03,2.127061e-03,1.857095e-03,1.471591e-03,1.345796e-03,6.335468e-03,5.275318e-08,-1.682113e-06,9.446080e-06,2.776201e-06,1.007388e-03,1.653876e-03,2.130543e-02
5.311992e-02,4.429888e-02,4.101358e-02,3.704755e-02,3.170389e-02,3.055580e-02,2.986722e-02,2.355514e-02,2.238243e-02,2.045705e-02,1.993603e-02,1.961180e-02,1.929218e-02,1.669319e-02,1.252894e-02,1.006519e-02,9.666664e-03,7.020039e-03,6.697184e-03,5.979376e-03,5.731058e-03,5.561958e-03,5.325802e-03,5.100170e-03,2.045705e-02,5.753074e-08,-1.782178e-06,9.348459e-06,1.462066e-05,9.548951e-04,1.661893e-03,2.156602e-02
1.693991e-01,1.648095e-01,1.297704e-01,9.455839e-02,8.609914e-02,8.161792e-02,8.022312e-02,7.871709e-02,5.403096e-02,4.961173e-02,4.260068e-02,3.607751e-02,3.413352e-02,3.140361e-02,2.962301e-02,2.758989e-02,2.608680e-02,2.446688e-02,2.423558e-02,2.307897e-02,2.275313e-02,2.264581e-02,1.950326e-02,1.915134e-02,4.961173e-02,5.305624e-08,-1.747299e-06,1.121720e-05,-1.283598e-05,1.039531e-03,1.713682e-03,2.111188e-02
3.747749e-01,1.830173e-01,1.612246e-01,1.360338e-01,1.113010e-01,1.110823e-01,9.175283e-02,8.876278e-02,7.859819e-02,6.469754e-02,6.358794e-02,4.588335e-02,4.491614e-02,4.413746e-02,4.310308e-02,3.591261e-02,3.324313e-02,3.094751e-02,2.849268e-02,2.807336e-02,2.638471e-02,2.445499e-02,2.302819e-02,2.276010e-02,6.469754e-02,9.281152e-08,-2.891604e-06,2.028867e-05,-6.490184e-06,7.578767e-04,1.796966e-03,2.122787e-02
1.485357e-01,1.286999e-01,1.180701e-01,1.079695e-01,9.494626e-02,7.722661e-02,7.166983e-02,6.964829e-02,6.692825e-02,6.411951e-02,6.022356e-02,5.928874e-02,5.862325e-02,5.734031e-02,5.653170e-02,5.351618e-02,5.222959e-02,5.019488e-02,4.731331e-02,4.596424e-02,4.383311e-02,4.316211e-02,4.162697e-02,3.940237e-02,6.411951e-02,5.520270e-08,-1.722527e-06,8.976672e-06,1.258146e-05,9.866808e-04,1.704189e-03,2.168948e-02
1.331997e-01,9.260182e-02,8.417854e-02,8.238526e-02,7.903101e-02,5.418901e-02,4.867787e-02,3.721891e-02,3.290676e-02,2.842302e-02,2.218200e-02,2.197769e-02,2.117370e-02,1.848735e-02,1.784462e-02,1.470687e-02,1.372359e-02,1.192173e-02,1.171363e-02,1.127829e-02,1.052688e-02,1.032798e-02,1.007519e-02,9.597142e-03,2.842302e-02,4.502181e-08,-1.608126e-06,1.226203e-05,-4.099098e-05,1.147296e-03,1.726654e-03,2.058653e-02
1.302453e-01,1.067813e-01,9.224131e-02,8.950744e-02,8.310074e-02,7.557568e-02,7.450051e-02,7.319229e-02,7.154487e-02,6.484645e-02,6.155134e-02,6.056212e-02,5.741008e-02,5.629245e-02,5.539174e-02,5.270052e-02,5.183213e-02,5.079438e-02,4.897500e-02,4.713123e-02,4.595772e-02,4.414598e-02,4.392525e-02,4.354154e-02,6.484645e-02,9.431396e-08,-2.699433e-06,1.361706e-05,6.044559e-05,5.553164e-04,1.503743e-03,2.165534e-02
1.122827e-01,9.883113e-02,9.172333e-02,9.021785e-02,8.091962e-02,7.964284e-02,7.219826e-02,7.082407e-02,6.449961e-02,6.339560e-02,6.038599e-02,5.684512e-02,5.381407e-02,5.329088e-02,5.230690e-02,4.929450e-02,4.640663e-02,4.578208e-02,4.425297e-02,4.336445e-02,4.191355e-02,4.032790e-02,3.816266e-02,3.604899e-02,6.339560e-02,7.394787e-08,-2.164243e-06,1.033771e-05,4.322297e-05,7.759039e-04,1.606510e-03,2.194559e-02
2.761328e-01,2.302651e-01,2.026403e-01,1.801448e-01,1.334021e-01,1.150158e-01,9.917840e-02,9.769893e-02,8.384526e-02,7.878418e-02,7.725249e-02,6.948273e-02,6.900493e-02,6.504386e-02,5.721921e-02,5.289533e-02,5.201542e-02,4.776914e-02,4.769614e-02,4.615355e-02,4.462912e-02,4.354814e-02,4.271068e-02,4.056125e-02,7.878418e-02,1.023278e-07,-2.902935e-06,1.441994e-05,7.115493e-05,5.063276e-04,1.641356e-03,2.219815e-02
7.059417e-02,6.298764e-02,6.072144e-02,5.865273e-02,5.461090e-02,5.258525e-02,4.984724e-02,4.824661e-02,4.787334e-02,4.413560e-02,4.402726e-02,4.372795e-02,4.355527e-02,4.175900e-02,4.018724e-02,3.753907e-02,3.667581e-02,3.620658e-02,3.557363e-02,3.542878e-02,3.514440e-02,3.324796e-02,3.288638e-02,3.262130e-02,4.413560e-02,1.080793e-07,-3.029562e-06,1.465015e-05,8.205664e-05,4.316772e-04,1.539382e-03,2.216816e-02
1.459485e-01,1.149931e-01,1.029569e-01,9.997206e-02,9.191970e-02,8.392508e-02,6.813907e-02,6.425346e-02,5.700281e-02,5.638698e-02,5.190229e-02,4.210345e-02,3.974066e-02,3.953426e-02,3.813833e-02,3.661733e-02,3.405301e-02,3.083753e-02,3.017976e-02,2.889241e-02,2.775451e-02,2.557755e-02,2.477575e-02,2.408569e-02,5.638698e-02,9.662230e-08,-2.800748e-06,1.516156e-05,5.107985e-05,5.712905e-04,1.563469e-03,2.164793e-02
6.590159e-02,6.534019e-02,6.456324e-02,5.535613e-02,5.148179e-02,5.109323e-02,4.911412e-02,4.558615e-02,4.327576e-02,3.970018e-02,3.869080e-02,3.570646e-02,3.451928e-02,3.212518e-02,3.135436e-02,3.123951e-02,3.055062e-02,2.914138e-02,2.869554e-02,2.794089e-02,2.778897e-02,2.712433e-02,2.658440e-02,2.554161e-02,3.970018e-02,8.304862e-08,-2.418555e-06,1.229671e-05,4.662344e-05,6.778258e-04,1.559718e-03,2.164838e-02
8.120258e-02,7.005153e-02,6.918211e-02,5.963772e-02,5.317608e-02,4.785466e-02,4.568999e-02,4.488340e-02,4.394684e-02,4.331748e-02,4.057878e-02,3.977203e-02,3.903403e-02,3.622167e-02,3.592428e-02,3.410007e-02,3.340247e-02,3.077124e-02,3.070465e-02,3.060193e-02,3.003918e-02,2.908366e-02,2.798883e-02,2.657758e-02,4.331748e-02,9.682155e-08,-2.753263e-06,1.355240e-05,6.663547e-05,5.376449e-04,1.547222e-03,2.190729e-02
6.205968e-02,3.282423e-02,3.189928e-02,3.106647e-02,2.846882e-02,2.714953e-02,2.251130e-02,1.280953e-02,8.688717e-03,6.412268e-03,6.010436e-03,5.844765e-03,4.286721e-03,3.924167e-03,3.576473e-03,3.298029e-03,3.145994e-03,2.813678e-03,2.738122e-03,2.574457e-03,2.360291e-03,2.088361e-03,1.994691e-03,1.925101e-03,6.412268e-03,1.020668e-07,-2.868222e-06,1.365877e-05,7.778206e-05,4.742722e-04,1.523521e-03,2.203045e-02
1.757319e-01,7.195233e-02,6.497872e-02,5.737362e-02,5.560642e-02,5.336347e-02,5.330205e-02,5.036098e-02,4.920254e-02,4.828625e-02,4.480281e-02,4.145503e-02,4.064225e-02,3.837067e-02,3.468862e-02,3.317964e-02,3.302539e-02,3.228192e-02,3.193398e-02,2.924347e-02,2.764399e-02,2.658364e-02,2.627019e-02,2.523630e-02,4.828625e-02,9.621589e-08,-2.727715e-06,1.326026e-05,6.839892e-05,5.182007e-04,1.482456e-03,2.169244e-02
1.429388e-01,1.228835e-01,1.169425e-01,9.723509e-02,9.449382e-02,8.870668e-02,8.019304e-02,7.744744e-02,7.361240e-02,6.821418e-02,6.476049e-02,6.268417e-02,6.085851e-02,5.804273e-02,5.731035e-02,5.409010e-02,5.314197e-02,5.113758e-02,5.008109e-02,4.945030e-02,4.867415e-02,4.777478e-02,4.592430e-02,4.362438e-02,6.821418e-02,9.561935e-08,-2.712640e-06,1.312980e-05,6.803451e-05,5.344515e-04,1.517487e-03,2.183165e-02
1.811357e-01,1.294638e-01,6.316945e-02,6.114380e-02,5.289418e-02,4.548984e-02,4.259249e-02,3.666606e-02,3.495451e-02,2.967706e-02,2.934559e-02,2.728400e-02,2.566047e-02,2.425248e-02,2.341098e-02,2.056018e-02,1.831336e-02,1.623791e-02,1.567876e-02,1.487299e-02,1.342743e-02,1.306441e-02,1.237685e-02,1.127596e-02,2.967706e-02,1.030826e-07,-3.006062e-06,1.722955e-05,4.688221e-05,5.324927e-04,1.600638e-03,2.153311e-02
6.785035e-02,3.594627e-02,2.629109e-02,2.575894e-02,2.451167e-02,1.675836e-02,1.517730e-02,1.284230e-02,1.165794e-02,6.661714e-03,6.177265e-03,5.411169e-03,4.598028e-03,3.885078e-03,3.646386e-03,3.436852e-03,3.172515e-03,2.894277e-03,2.824717e-03,2.082639e-03,2.009338e-03,1.690926e-03,1.522483e-03,1.520648e-03,6.661714e-03,1.007670e-07,-2.924720e-06,1.632721e-05,5.022171e-05,5.258892e-04,1.536897e-03,2.141171e-02
2.157538e-01,1.788728e-01,1.175018e-01,1.001586e-01,7.346188e-02,6.872581e-02,6.328129e-02,5.524796e-02,5.388367e-02,5.114451e-02,4.997747e-02,4.858471e-02,4.638814e-02,4.149382e-02,3.468596e-02,3.254989e-02,2.968484e-02,2.802104e-02,2.640271e-02,2.551326e-02,2.354003e-02,2.339574e-02,2.220065e-02,2.204359e-02,5.114451e-02,1.042770e-07,-3.039963e-06,1.747361e-05,4.673167e-05,5.364615e-04,1.598196e-03,2.164930e-02
1.448931e-01,7.911573e-02,6.144393e-02,5.483289e-02,4.234031e-02,3.665844e-02,3.067044e-02,3.028388e-02,2.373976e-02,1.931624e-02,1.685987e-02,1.388629e-02,1.340021e-02,1.228884e-02,1.114615e-02,1.013915e-02,9.603996e-03,8.112077e-03,7.556977e-03,7.032809e-03,6.444678e-03,6.318704e-03,6.249649e-03,5.922230e-03,1.931624e-02,1.197444e-07,-3.406428e-06,1.863898e-05,7.187322e-05,3.612913e-04,1.555624e-03,2.183743e-02
9.452609e-02,6.102946e-02,6.073130e-02,5.904972e-02,4.626580e-02,4.053851e-02,3.926355e-02,3.782995e-02,3.075105e-02,2.592406e-02,2.453410e-02,2.083686e-02,1.975934e-02,1.774663e-02,1.733706e-02,1.694319e-02,1.417919e-02,1.204290e-02,1.187849e-02,1.024599e-02,8.924966e-03,8.108625e-03,7.934770e-03,6.904617e-03,2.592406e-02,1.067655e-07,-3.115844e-06,1.817372e-05,4.619724e-05,5.161757e-04,1.614428e-03,2.158827e-02
1.725074e-01,1.204919e-01,1.007585e-01,8.496467e-02,7.822017e-02,6.187681e-02,5.868957e-02,5.383713e-02,4.615328e-02,4.067180e-02,3.478893e-02,3.472825e-02,3.319594e-02,3.092652e-02,2.788879e-02,2.579189e-02,2.306971e-02,2.129039e-02,2.091557e-02,1.764575e-02,1.680258e-02,1.659064e-02,1.478388e-02,1.415540e-02,4.067180e-02,1.027854e-07,-3.036141e-06,1.834309e-05,3.545428e-05,5.656263e-04,1.621674e-03,2.142199e-02
2.025167e-01,1.647729e-01,1.143864e-01,7.891377e-02,6.624109e-02,5.387219e-02,4.436490e-02,3.812140e-02,3.648185e-02,3.227734e-02,3.167855e-02,2.909618e-02,2.788909e-02,2.522805e-02,2.328416e-02,2.113408e-02,2.066852e-02,1.950835e-02,1.744842e-02,1.648033e-02,1.583548e-02,1.532790e-02,1.488352e-02,1.452232e-02,3.227734e-02,8.934347e-08,-2.664444e-06,1.577968e-05,2.922128e-05,6.540063e-04,1.589453e-03,2.116652e-02
1.709092e-01,1.576171e-01,1.449977e-01,1.355914e-01,1.159766e-01,1.078745e-01,1.053115e-01,9.706524e-02,8.651082e-02,7.870940e-02,7.453933e-02,6.179926e-02,5.710208e-02,4.850544e-02,4.547770e-02,4.360561e-02,4.172361e-02,3.849555e-02,3.510227e-02,3.393459e-02,3.255781e-02,3.134226e-02,3.079551e-02,2.892323e-02,7.870940e-02,1.290334e-07,-3.709382e-06,2.172468e-05,6.261141e-05,3.658384e-04,1.657092e-03,2.218004e-02
2.351644e-01,1.555222e-01,1.458212e-01,8.658872e-02,8.508878e-02,7.724646e-02,7.624035e-02,6.858928e-02,6.587097e-02,5.857189e-02,5.526489e-02,4.558861e-02,4.548091e-02,4.264828e-02,4.132508e-02,4.087410e-02,4.077929e-02,3.668759e-02,3.466342e-02,3.443475e-02,3.229520e-02,3.071796e-02,3.035397e-02,3.030952e-02,5.857189e-02,7.753096e-08,-2.469601e-06,1.738595e-05,-1.359146e-05,8.589986e-04,1.759085e-03,2.092702e-02
6.735760e-02,4.910204e-02,4.299984e-02,3.995145e-02,3.763212e-02,2.713756e-02,2.635853e-02,2.434164e-02,2.279081e-02,1.464961e-02,1.227743e-02,1.114539e-02,1.051979e-02,7.995742e-03,6.757357e-03,6.627082e-03,5.898495e-03,5.338449e-03,4.996392e-03,4.412490e-03,4.211700e-03,3.917103e-03,3.864367e-03,3.238344e-03,1.464961e-02,9.442699e-08,-2.737856e-06,1.474511e-05,5.060657e-05,5.661607e-04,1.520242e-03,2.139655e-02
1.567431e-01,1.069301e-01,1.046249e-01,6.249812e-02,4.959759e-02,4.614569e-02,4.558470e-02,3.880541e-02,3.348873e-02,3.225598e-02,2.804446e-02,2.363903e-02,2.203455e-02,2.194313e-02,1.837640e-02,1.673319e-02,1.583326e-02,1.413246e-02,1.410067e-02,1.367535e-02,1.248127e-02,1.187009e-02,1.024488e-02,9.612854e-03,3.225598e-02,1.077110e-07,-3.093699e-06,1.690322e-05,6.087107e-05,4.632760e-04,1.569404e-03,2.166488e-02
9.400025e-02,7.872931e-02,7.404901e-02,5.788807e-02,4.586856e-02,4.213356e-02,3.688465e-02,3.564069e-02,3.298850e-02,3.173972e-02,3.058281e-02,2.965865e-02,2.852130e-02,2.593291e-02,2.496391e-02,2.252886e-02,2.125495e-02,1.705301e-02,1.403623e-02,1.277880e-02,1.273063e-02,1.235324e-02,1.143734e-02,1.091100e-02,3.173972e-02,8.482658e-08,-2.516018e-06,1.410101e-05,3.424281e-05,6.900327e-04,1.615131e-03,2.144173e-02
1.239394e-01,6.898275e-02,5.657829e-02,5.123827e-02,4.464380e-02,4.098224e-02,3.073609e-02,2.543149e-02,2.481720e-02,2.348270e-02,2.171508e-02,1.612252e-02,1.513689e-02,1.499991e-02,1.198200e-02,1.099510e-02,1.091648e-02,1.078486e-02,1.072536e-02,8.929513e-03,8.441999e-03,7.404450e-03,6.960869e-03,6.568063e-03,2.348270e-02,1.154894e-07,-3.259818e-06,1.687095e-05,7.826724e-05,3.905731e-04,1.558236e-03,2.209096e-02
3.841082e-01,1.294731e-01,8.351930e-02,7.759229e-02,6.336626e-02,5.319588e-02,5.159914e-02,4.439144e-02,3.515018e-02,3.255630e-02,3.168222e-02,3.018009e-02,2.710532e-02,2.383630e-02,2.298553e-02,2.262075e-02,2.193163e-02,2.120362e-02,1.915335e-02,1.820445e-02,1.715716e-02,1.507440e-02,1.452065e-02,1.339821e-02,3.255630e-02,1.101249e-07,-3.149415e-06,1.703187e-05,6.488925e-05,4.433496e-04,1.561804e-03,2.176885e-02
1.735597e-01,8.338828e-02,7.916224e-02,6.966202e-02,6.736496e-02,6.453440e-02,5.134362e-02,4.510114e-02,4.201791e-02,3.291457e-02,3.110603e-02,2.817402e-02,2.423240e-02,2.183458e-02,2.160719e-02,2.035542e-02,1.990322e-02,1.943737e-02,1.919928e-02,1.909663e-02,1.789359e-02,1.705220e-02,1.572888e-02,1.491494e-02,3.291457e-02,9.392332e-08,-2.752757e-06,1.543222e-05,4.281442e-05,6.040122e-04,1.602780e-03,2.150163e-02
5.661960e-02,4.470730e-02,3.561469e-02,1.416137e-02,1.142641e-02,9.863484e-03,8.948534e-03,5.940961e-03,5.489505e-03,3.194780e-03,2.929533e-03,2.922187e-03,2.538702e-03,1.872213e-03,1.810230e-03,1.502429e-03,1.181955e-03,1.054258e-03,1.010869e-03,8.273088e-04,6.584225e-04,6.048160e-04,5.606133e-04,5.322542e-04,3.194780e-03,9.579292e-08,-2.826515e-06,1.654449e-05,3.702289e-05,5.886858e-04,1.578770e-03,2.122928e-02
1.413502e-01,1.259117e-01,1.240250e-01,9.562435e-02,8.553226e-02,7.215413e-02,6.802942e-02,6.535871e-02,5.307571e-02,5.272852e-02,5.040470e-02,4.609164e-02,4.280264e-02,4.259887e-02,3.864865e-02,3.560617e-02,3.424382e-02,3.218180e-02,3.073084e-02,3.005154e-02,2.844447e-02,2.744463e-02,2.644832e-02,2.639036e-02,5.272852e-02,9.349515e-08,-2.754380e-06,1.571757e-05,3.853590e-05,6.331028e-04,1.629058e-03,2.161329e-02
2.235324e-01,1.433159e-01,8.594843e-02,5.415598e-02,3.873214e-02,3.740496e-02,3.600043e-02,3.156873e-02,2.850202e-02,2.447699e-02,2.294994e-02,2.202527e-02,1.994554e-02,1.935121e-02,1.574334e-02,1.472444e-02,1.355054e-02,1.156247e-02,1.016549e-02,1.001945e-02,8.944020e-03,8.595691e-03,8.198124e-03,7.884053e-03,2.447699e-02,1.198041e-07,-3.514106e-06,2.182357e-05,4.146951e-05,4.505043e-04,1.676938e-03,2.165356e-02
1.982250e-01,1.495698e-01,1.255372e-01,9.990139e-02,5.217812e-02,5.045527e-02,4.626619e-02,4.515847e-02,3.680792e-02,3.264749e-02,3.203248e-02,2.760449e-02,2.532472e-02,2.393849e-02,2.364945e-02,2.110379e-02,2.028409e-02,1.857563e-02,1.846213e-02,1.749456e-02,1.689341e-02,1.656262e-02,1.466796e-02,1.414870e-02,3.264749e-02,9.151678e-08,-2.736989e-06,1.659617e-05,2.636425e-05,6.469988e-04,1.589003e-03,2.112977e-02
3.551635e-01,3.147762e-01,2.597923e-01,2.333458e-01,1.999470e-01,1.807638e-01,1.672134e-01,1.361694e-01,1.334326e-01,1.206482e-01,1.154060e-01,1.113636e-01,9.959753e-02,9.266417e-02,9.088809e-02,8.961452e-02,8.475586e-02,8.118379e-02,8.007298e-02,7.598029e-02,7.055412e-02,6.817049e-02,6.587842e-02,6.430844e-02,1.206482e-01,3.702115e-08,-1.394684e-06,1.052471e-05,-4.388860e-05,1.277311e-03,2.020669e-03,2.144540e-02
2.363364e-01,1.962443e-01,1.801935e-01,1.618218e-01,1.531257e-01,1.316397e-01,1.203824e-01,1.105286e-01,1.013030e-01,9.216998e-02,8.634989e-02,7.866932e-02,7.102828e-02,6.897751e-02,6.782055e-02,6.207031e-02,5.964345e-02,5.613722e-02,5.599404e-02,5.401978e-02,5.302120e-02,4.956398e-02,4.798187e-02,4.619393e-02,9.216998e-02,3.109822e-08,-1.222734e-06,9.290706e-06,-4.596835e-05,1.300933e-03,1.888269e-03,2.110838e-02
2.881357e-01,2.241807e-01,1.501018e-01,1.109895e-01,8.718516e-02,8.317418e-02,8.137156e-02,6.589959e-02,5.773810e-02,5.161713e-02,4.886156e-02,4.775421e-02,3.931981e-02,3.246018e-02,3.196321e-02,3.025501e-02,2.770567e-02,2.634982e-02,2.443316e-02,2.413464e-02,2.272102e-02,2.159581e-02,2.048143e-02,2.015294e-02,5.161713e-02,8.890145e-08,-2.625878e-06,1.483066e-05,3.680344e-05,6.525524e-04,1.603201e-03,2.142302e-02
3.218716e-01,1.088568e-01,1.078292e-01,9.938206e-02,8.890657e-02,6.689656e-02,5.689226e-02,5.107671e-02,4.776878e-02,4.630218e-02,4.165899e-02,3.874192e-02,3.206535e-02,3.125649e-02,2.897935e-02,2.863996e-02,2.793870e-02,2.635105e-02,2.364631e-02,2.156180e-02,2.041855e-02,1.950943e-02,1.906194e-02,1.887534e-02,4.630218e-02,9.743113e-08,-2.821523e-06,1.530857e-05,5.185329e-05,5.546901e-04,1.543482e-03,2.153364e-02
2.023794e-01,1.118296e-01,9.882987e-02,8.840151e-02,8.697742e-02,8.361758e-02,6.782151e-02,6.727419e-02,5.642024e-02,5.363739e-02,5.224937e-02,4.610454e-02,4.519614e-02,4.116070e-02,3.767995e-02,3.526958e-02,2.836511e-02,2.515171e-02,2.339548e-02,2.239750e-02,2.127154e-02,2.048557e-02,1.882299e-02,1.814766e-02,5.363739e-02,8.785470e-08,-2.592938e-06,1.448429e-05,3.748031e-05,6.637215e-04,1.611614e-03,2.149632e-02
1.565587e-01,1.066163e-01,8.746286e-02,8.345613e-02,6.333856e-02,5.771402e-02,5.408065e-02,4.608066e-02,4.109005e-02,4.025317e-02,3.970286e-02,3.810154e-02,3.589404e-02,2.959269e-02,2.937917e-02,2.661914e-02,2.247027e-02,2.172272e-02,2.087356e-02,1.836593e-02,1.819319e-02,1.720931e-02,1.597018e-02,1.538518e-02,4.025317e-02,9.436713e-08,-2.778288e-06,1.595999e-05,3.900703e-05,6.026285e-04,1.592573e-03,2.136302e-02
1.791829e-01,1.388031e-01,1.129269e-01,1.072371e-01,1.010100e-01,9.860950e-02,8.378894e-02,7.942532e-02,7.292878e-02,6.772635e-02,6.565687e-02,6.387320e-02,6.168202e-02,5.833520e-02,5.538240e-02,5.271044e-02,5.174026e-02,5.108515e-02,4.938864e-02,4.544174e-02,4.415170e-02,4.170126e-02,4.150817e-02,4.020611e-02,6.772635e-02,4.116385e-08,-1.432352e-06,9.041671e-06,-2.110971e-05,1.199882e-03,1.894879e-03,2.174025e-02
5.474789e-02,5.202804e-02,4.772148e-02,3.702344e-02,2.824590e-02,2.321557e-02,2.205739e-02,1.790042e-02,1.519539e-02,1.307859e-02,1.024408e-02,8.571649e-03,8.474995e-03,6.869021e-03,6.251320e-03,5.727864e-03,4.828377e-03,4.812484e-03,4.632720e-03,3.785086e-03,3.648369e-03,3.239297e-03,3.126113e-03,3.023239e-03,1.307859e-02,1.101365e-07,-3.159767e-06,1.734632e-05,6.200054e-05,4.488433e-04,1.565052e-03,2.171338e-02
1.000762e-01,9.505923e-02,7.509391e-02,5.377785e-02,4.141766e-02,3.767625e-02,2.940218e-02,2.872630e-02,2.568148e-02,2.339011e-02,2.049614e-02,1.987222e-02,1.708107e-02,1.531579e-02,1.284518e-02,1.150168e-02,1.103115e-02,1.000265e-02,8.559711e-03,8.241151e-03,7.872667e-03,7.102670e-03,6.571205e-03,6.418658e-03,2.339011e-02,9.975112e-08,-2.926767e-06,1.699913e-05,4.165205e-05,5.592022e-04,1.593481e-03,2.138177e-02
3.859852e-01,1.935807e-01,1.834956e-01,1.148227e-01,1.122686e-01,9.330988e-02,7.726085e-02,7.109879e-02,7.022336e-02,6.292700e-02,5.876109e-02,4.917216e-02,4.407605e-02,4.310198e-02,3.955081e-02,3.806941e-02,3.656197e-02,3.533357e-02,3.495364e-02,3.318180e-02,2.999196e-02,2.973031e-02,2.817852e-02,2.753398e-02,6.292700e-02,8.729397e-08,-2.629781e-06,1.599759e-05,2.225712e-05,6.951164e-04,1.640741e-03,2.121242e-02
7.277045e-02,7.222094e-02,6.374030e-02,5.584010e-02,5.073669e-02,4.456872e-02,4.433356e-02,3.514757e-02,3.252491e-02,3.011972e-02,2.903110e-02,2.848512e-02,2.272964e-02,2.087775e-02,1.805436e-02,1.772673e-02,1.770827e-02,1.549536e-02,1.504060e-02,1.139090e-02,1.050762e-02,1.009927e-02,9.550735e-03,9.375249e-03,3.011972e-02,1.017447e-07,-2.933031e-06,1.587015e-05,5.650660e-05,5.200192e-04,1.564214e-03,2.167171e-02
1.000885e-01,6.311165e-02,6.234785e-02,5.637994e-02,5.442872e-02,3.768044e-02,3.329480e-02,3.144566e-02,2.976033e-02,2.519184e-02,1.989884e-02,1.621530e-02,1.404912e-02,1.298356e-02,1.203476e-02,1.109073e-02,1.051261e-02,1.007219e-02,9.115690e-03,8.755321e-03,8.228603e-03,7.894841e-03,7.821446e-03,6.974015e-03,2.519184e-02,7.989739e-08,-2.407560e-06,1.404873e-05,2.335678e-05,7.419714e-04,1.594216e-03,2.120432e-02
1.351329e-01,8.546841e-02,8.086171e-02,7.370863e-02,7.148710e-02,6.399995e-02,5.637011e-02,3.452248e-02,3.141810e-02,2.826288e-02,2.730977e-02,2.659769e-02,2.102097e-02,1.916811e-02,1.863366e-02,1.675166e-02,1.554511e-02,1.530487e-02,1.418490e-02,1.338155e-02,1.241042e-02,1.202261e-02,1.167004e-02,1.118284e-02,2.826288e-02,8.476795e-08,-2.558281e-06,1.549342e-05,2.136681e-05,7.061775e-04,1.615286e-03,2.110490e-02
6.788202e-02,6.307634e-02,5.933832e-02,5.589623e-02,5.338875e-02,4.933507e-02,4.657328e-02,4.489806e-02,4.056667e-02,4.015574e-02,3.848695e-02,3.747295e-02,3.709568e-02,3.502324e-02,3.169257e-02,3.111137e-02,2.994353e-02,2.943127e-02,2.886455e-02,2.769047e-02,2.737174e-02,2.716457e-02,2.620412e-02,2.521501e-02,4.015574e-02,4.725985e-08,-1.533812e-06,8.254607e-06,8.107279e-07,1.089360e-03,1.796876e-03,2.181068e-02
5.460910e-02,4.601916e-02,4.579633e-02,4.046321e-02,3.178053e-02,3.054391e-02,2.154802e-02,1.326006e-02,1.115387e-02,1.098906e-02,1.039008e-02,9.601632e-03,8.577387e-03,7.257803e-03,6.580946e-03,5.660241e-03,5.083578e-03,4.925545e-03,4.401621e-03,4.325377e-03,4.093850e-03,3.818033e-03,3.206178e-03,2.860494e-03,1.098906e-02,9.591530e-08,-2.856458e-06,1.729451e-05,3.015113e-05,6.182657e-04,1.648830e-03,2.131376e-02
1.386399e-01,1.304911e-01,1.227653e-01,8.773470e-02,6.888224e-02,6.033948e-02,5.302835e-02,4.775769e-02,4.109956e-02,4.087410e-02,4.051824e-02,3.786099e-02,3.734768e-02,3.377314e-02,3.183515e-02,3.084301e-02,2.769570e-02,2.644298e-02,2.531497e-02,2.356282e-02,2.145530e-02,2.115693e-02,1.897123e-02,1.778492e-02,4.087410e-02,8.157541e-08,-2.554099e-06,1.741782e-05,-4.126454e-06,7.924325e-04,1.691910e-03,2.082128e-02
9.242772e-02,6.460123e-02,6.369932e-02,5.415063e-02,4.884195e-02,4.208195e-02,3.913245e-02,3.153860e-02,3.025783e-02,2.970399e-02,2.681683e-02,2.337472e-02,2.133211e-02,2.121988e-02,2.108418e-02,1.639713e-02,1.166617e-02,1.164630e-02,1.161073e-02,1.149970e-02,1.106687e-02,1.091893e-02,1.005774e-02,8.791580e-03,2.970399e-02,1.054731e-07,-3.083211e-06,1.799467e-05,4.520652e-05,5.256724e-04,1.631472e-03,2.157731e-02
8.979563e-02,8.057847e-02,6.248330e-02,6.163809e-02,5.247328e-02,5.242468e-02,5.186952e-02,4.389874e-02,4.044070e-02,4.000113e-02,3.992238e-02,3.663891e-02,3.476592e-02,3.085752e-02,2.959258e-02,2.578277e-02,2.511399e-02,2.374296e-02,2.325660e-02,2.162299e-02,2.144001e-02,1.960153e-02,1.926292e-02,1.847319e-02,4.000113e-02,7.795747e-08,-2.457958e-06,1.680812e-05,-7.806371e-06,8.465752e-04,1.685128e-03,2.098361e-02
1.935401e-01,1.462423e-01,1.437018e-01,1.335467e-01,1.157624e-01,7.878774e-02,6.876440e-02,5.491572e-02,5.307894e-02,5.212635e-02,4.304435e-02,4.293289e-02,4.194548e-02,3.775821e-02,3.684353e-02,3.653545e-02,3.401507e-02,3.377660e-02,3.141967e-02,2.867138e-02,2.623912e-02,2.607280e-02,2.474403e-02,2.391317e-02,5.212635e-02,1.173327e-07,-3.540699e-06,2.420547e-05,1.334780e-05,5.402666e-04,1.769386e-03,2.135839e-02
2.281852e-01,2.006151e-01,1.335138e-01,9.486699e-02,7.838847e-02,5.386880e-02,5.093438e-02,4.571500e-02,4.350536e-02,4.200997e-02,3.835837e-02,3.411281e-02,3.381363e-02,3.348654e-02,3.031521e-02,2.880314e-02,2.703722e-02,2.472648e-02,2.430951e-02,2.228224e-02,2.151041e-02,2.107743e-02,2.053253e-02,1.959505e-02,4.200997e-02,1.342344e-07,-3.971857e-06,2.634208e-05,3.096352e-05,4.103791e-04,1.773875e-03,2.182623e-02
8.900323e-02,8.131645e-02,7.837897e-02,5.841143e-02,4.608085e-02,4.289120e-02,3.392402e-02,3.274756e-02,2.414404e-02,2.271981e-02,1.987818e-02,1.863183e-02,1.601761e-02,1.531894e-02,1.383873e-02,1.175825e-02,1.164476e-02,1.094308e-02,9.820840e-03,9.598923e-03,8.317222e-03,7.643359e-03,6.804430e-03,6.458155e-03,2.271981e-02,1.213021e-07,-3.648512e-06,2.489367e-05,1.529792e-05,5.234134e-04,1.779368e-03,2.153003e-02
1.943644e-01,1.248139e-01,9.748844e-02,9.511505e-02,7.561332e-02,6.779625e-02,6.612073e-02,5.627013e-02,5.112876e-02,4.580197e-02,4.345449e-02,4.337667e-02,3.872398e-02,3.521036e-02,3.431819e-02,3.173514e-02,3.077579e-02,2.849492e-02,2.797617e-02,2.744452e-02,2.474088e-02,2.325656e-02,2.318915e-02,2.265412e-02,4.580197e-02,1.170928e-07,-3.518171e-06,2.367984e-05,1.602537e-05,5.628637e-04,1.732461e-03,2.161814e-02
2.956215e-01,2.249701e-01,1.256907e-01,1.016053e-01,8.370805e-02,7.805130e-02,7.531083e-02,7.073814e-02,6.164370e-02,5.666375e-02,5.225258e-02,4.983834e-02,4.471428e-02,4.327000e-02,4.030694e-02,3.991288e-02,3.727950e-02,3.365363e-02,3.228088e-02,3.056320e-02,2.981473e-02,2.850585e-02,2.669005e-02,2.553054e-02,5.666375e-02,1.055544e-07,-3.189080e-06,2.114518e-05,1.521855e-05,6.089888e-04,1.729090e-03,2.131890e-02
5.770526e-02,5.584487e-02,5.079052e-02,4.415332e-02,4.405019e-02,4.135012e-02,3.859488e-02,3.825672e-02,3.426875e-02,3.008328e-02,2.728238e-02,2.451301e-02,1.901244e-02,1.880606e-02,1.793347e-02,1.623904e-02,1.495605e-02,1.462026e-02,1.223143e-02,9.678859e-03,9.420912e-03,9.258986e-03,9.028750e-03,8.991028e-03,3.008328e-02,7.961493e-08,-2.483384e-06,1.649714e-05,-1.512608e-07,8.038215e-04,1.694199e-03,2.097016e-02
2.283010e-01,1.501565e-01,9.656873e-02,9.206061e-02,8.526190e-02,6.323352e-02,5.781170e-02,5.380344e-02,4.498651e-02,4.430343e-02,4.068624e-02,3.465465e-02,3.297305e-02,3.065671e-02,2.976677e-02,2.731794e-02,2.676656e-02,2.649828e-02,2.548516e-02,2.203214e-02,2.202358e-02,2.060012e-02,1.827493e-02,1.799297e-02,4.430343e-02,1.117844e-07,-3.300178e-06,2.050047e-05,3.589519e-05,5.119287e-04,1.681010e-03,2.152335e-02
1.098515e-01,7.849566e-02,7.595775e-02,7.389115e-02,6.080159e-02,5.638635e-02,5.454199e-02,4.646467e-02,4.375797e-02,4.186662e-02,4.022701e-02,3.717777e-02,3.405454e-02,3.030363e-02,2.792558e-02,2.782929e-02,2.677086e-02,2.527330e-02,2.256130e-02,2.180557e-02,1.902491e-02,1.869669e-02,1.744302e-02,1.710979e-02,4.186662e-02,8.894797e-08,-2.738420e-06,1.820196e-05,5.027747e-06,7.351515e-04,1.707909e-03,2.110323e-02
1.707609e-01,1.453270e-01,1.255921e-01,1.173792e-01,1.016903e-01,6.891448e-02,6.320314e-02,5.134365e-02,5.078890e-02,4.756572e-02,3.869787e-02,3.725293e-02,3.590738e-02,3.506351e-02,3.306177e-02,3.186961e-02,2.866199e-02,2.787983e-02,2.584887e-02,2.372600e-02,2.220118e-02,1.989949e-02,1.815718e-02,1.739793e-02,4.756572e-02,1.421335e-07,-4.126993e-06,2.597566e-05,5.186964e-05,3.160861e-04,1.698386e-03,2.213161e-02
1.101202e-01,9.310165e-02,8.776281e-02,8.141328e-02,7.586560e-02,7.120088e-02,6.764773e-02,5.976556e-02,5.697361e-02,4.859296e-02,4.414288e-02,3.732977e-02,3.509320e-02,3.188459e-02,2.929970e-02,2.729287e-02,2.513780e-02,2.297646e-02,2.261459e-02,2.240898e-02,2.220923e-02,2.000973e-02,1.913894e-02,1.707953e-02,4.859296e-02,1.278785e-07,-4.050875e-06,3.275003e-05,-4.522391e-05,6.716529e-04,2.038317e-03,2.129462e-02
6.580000e-02,5.809434e-02,5.180576e-02,5.029034e-02,4.809064e-02,3.481539e-02,3.226050e-02,2.504505e-02,2.493967e-02,2.329461e-02,2.164098e-02,2.143949e-02,1.775057e-02,1.610690e-02,1.287701e-02,1.229999e-02,1.155615e-02,1.100882e-02,1.003785e-02,9.359398e-03,8.259496e-03,7.640162e-03,7.008680e-03,6.395638e-03,2.329461e-02,9.086017e-08,-2.757916e-06,1.756072e-05,1.576009e-05,6.914250e-04,1.681607e-03,2.118729e-02
3.801947e-01,1.863311e-01,1.088341e-01,9.470332e-02,7.871772e-02,7.052281e-02,6.442935e-02,6.274889e-02,5.530746e-02,5.116867e-02,4.717837e-02,4.546272e-02,4.349662e-02,4.037046e-02,3.403529e-02,3.174404e-02,3.043103e-02,2.936654e-02,2.783792e-02,2.713359e-02,2.364310e-02,2.278271e-02,2.225561e-02,2.130335e-02,5.116867e-02,1.231694e-07,-3.507197e-06,1.942496e-05,7.171207e-05,3.600977e-04,1.594828e-03,2.203728e-02
3.866995e-01,2.194250e-01,1.170913e-01,9.818075e-02,8.985625e-02,8.540475e-02,7.137301e-02,6.171407e-02,5.963465e-02,5.646779e-02,5.253770e-02,5.084862e-02,4.709499e-02,4.425177e-02,4.418370e-02,3.963455e-02,3.848953e-02,3.554624e-02,3.233686e-02,2.959847e-02,2.865714e-02,2.835555e-02,2.691267e-02,2.532612e-02,5.646779e-02,1.134096e-07,-3.329312e-06,2.030778e-05,4.148373e-05,4.911451e-04,1.690024e-03,2.163645e-02
8.508174e-02,7.187659e-02,4.839398e-02,4.780491e-02,3.680272e-02,3.592055e-02,3.490592e-02,3.154718e-02,2.938780e-02,2.408890e-02,2.401091e-02,2.191272e-02,1.909413e-02,1.351430e-02,1.029445e-02,9.022266e-03,8.367300e-03,8.017837e-03,7.823999e-03,7.427155e-03,6.372176e-03,6.177887e-03,5.513128e-03,5.180555e-03,2.408890e-02,1.015960e-07,-2.904622e-06,1.514804e-05,6.310223e-05,4.955643e-04,1.520112e-03,2.164546e-02
1.856300e-01,9.932123e-02,6.149337e-02,5.545888e-02,4.713583e-02,4.305207e-02,4.293089e-02,4.230679e-02,4.032743e-02,3.821955e-02,3.697652e-02,3.544119e-02,3.445436e-02,3.165570e-02,2.626567e-02,2.603935e-02,2.461589e-02,2.385038e-02,2.321490e-02,2.298910e-02,2.037329e-02,1.942978e-02,1.637970e-02,1.499393e-02,3.821955e-02,9.378303e-08,-2.707330e-06,1.417029e-05,5.421149e-05,5.749175e-04,1.550934e-03,2.160792e-02
7.647118e-02,7.053005e-02,5.044122e-02,4.035096e-02,3.208639e-02,2.618793e-02,2.587139e-02,2.383109e-02,1.631745e-02,1.278057e-02,1.237879e-02,1.088232e-02,9.136803e-03,8.176111e-03,7.267464e-03,6.557386e-03,6.428328e-03,5.852851e-03,5.144934e-03,5.030963e-03,4.991941e-03,4.907718e-03,4.016991e-03,3.966044e-03,1.278057e-02,1.053348e-07,-2.963537e-06,1.451879e-05,7.765673e-05,4.354046e-04,1.486895e-03,2.182362e-02
2.061448e-01,9.526324e-02,5.227802e-02,4.640235e-02,3.737732e-02,3.471771e-02,3.201062e-02,3.167871e-02,3.061204e-02,2.535444e-02,2.485966e-02,1.800716e-02,1.742202e-02,1.483772e-02,1.399244e-02,1.148237e-02,1.071276e-02,9.509389e-03,9.194456e-03,8.448562e-03,8.069781e-03,7.607543e-03,7.247087e-03,6.666543e-03,2.535444e-02,9.476817e-08,-2.754790e-06,1.502264e-05,4.867168e-05,5.718963e-04,1.541391e-03,2.142358e-02
7.720576e-02,6.321930e-02,5.711238e-02,4.609745e-02,3.897639e-02,3.494372e-02,2.933942e-02,2.850314e-02,2.578263e-02,2.436890e-02,2.261741e-02,1.839756e-02,1.768950e-02,1.767145e-02,1.460017e-02,1.238730e-02,9.006633e-03,8.173339e-03,8.049121e-03,7.302222e-03,6.590182e-03,6.447393e-03,5.825648e-03,5.544142e-03,2.436890e-02,9.414834e-08,-2.706338e-06,1.396196e-05,5.696769e-05,5.589171e-04,1.497758e-03,2.153631e-02
2.141578e-01,1.470928e-01,1.346933e-01,1.061655e-01,9.605578e-02,9.507309e-02,8.361892e-02,7.010714e-02,6.816955e-02,6.281721e-02,5.658218e-02,5.330156e-02,5.304352e-02,4.749341e-02,4.491063e-02,4.150455e-02,4.066994e-02,3.969160e-02,3.749960e-02,3.629796e-02,3.416463e-02,3.400751e-02,3.269085e-02,3.151080e-02,6.281721e-02,8.747363e-08,-2.623731e-06,1.566803e-05,2.543385e-05,6.949073e-04,1.648565e-03,2.135912e-02
9.386638e-02,8.914381e-02,7.188133e-02,7.142177e-02,5.604932e-02,5.435870e-02,5.070812e-02,3.995769e-02,3.802342e-02,3.789243e-02,3.732169e-02,3.616407e-02,3.314280e-02,3.133924e-02,3.062321e-02,2.827828e-02,2.750807e-02,2.627723e-02,2.566496e-02,2.555544e-02,2.422123e-02,1.969619e-02,1.928191e-02,1.667985e-02,3.789243e-02,9.521656e-08,-2.727475e-06,1.382188e-05,6.065158e-05,5.568481e-04,1.553603e-03,2.177138e-02
1.824693e-01,1.326990e-01,1.042968e-01,8.211471e-02,6.159363e-02,6.041270e-02,5.169005e-02,4.956842e-02,4.653033e-02,4.237614e-02,4.146787e-02,3.972387e-02,3.573755e-02,3.458319e-02,3.437336e-02,3.343718e-02,3.077359e-02,3.062943e-02,3.028530e-02,2.897122e-02,2.744553e-02,2.540972e-02,2.436342e-02,2.331908e-02,4.237614e-02,1.081529e-07,-3.140851e-06,1.798253e-05,5.069058e-05,5.102724e-04,1.631876e-03,2.183093e-02
9.186327e-02,7.668802e-02,6.203968e-02,5.359674e-02,4.840957e-02,4.802742e-02,3.791999e-02,3.574686e-02,3.329838e-02,3.005828e-02,2.717109e-02,2.643418e-02,2.538589e-02,2.311212e-02,2.271538e-02,2.164142e-02,2.075245e-02,1.872931e-02,1.841772e-02,1.762644e-02,1.693853e-02,1.513851e-02,1.456721e-02,1.236107e-02,3.005828e-02,1.010174e-07,-2.858430e-06,1.408405e-05,7.148127e-05,4.887551e-04,1.509538e-03,2.185329e-02
2.895661e-01,2.397543e-01,1.606310e-01,1.290778e-01,1.152485e-01,8.939015e-02,8.241731e-02,7.462397e-02,7.040396e-02,6.201928e-02,5.780417e-02,5.702574e-02,5.195767e-02,4.954278e-02,4.595668e-02,4.443732e-02,4.305246e-02,3.883045e-02,3.741060e-02,3.498916e-02,3.429510e-02,3.244312e-02,3.005682e-02,2.955922e-02,6.201928e-02,1.046055e-07,-2.989042e-06,1.568810e-05,6.466535e-05,4.876113e-04,1.574253e-03,2.185994e-02
9.198980e-02,7.755170e-02,7.097980e-02,6.420197e-02,6.013196e-02,5.548797e-02,5.228988e-02,5.151189e-02,5.033554e-02,4.926182e-02,4.889969e-02,4.888153e-02,4.444778e-02,4.132020e-02,3.584950e-02,3.538553e-02,3.362583e-02,3.255562e-02,3.114336e-02,3.039780e-02,3.005545e-02,2.935479e-02,2.883037e-02,2.831397e-02,4.926182e-02,6.596015e-08,-2.092461e-06,1.340521e-05,-3.373636e-06,9.198186e-04,1.689548e-03,2.111725e-02
2.211763e-01,1.504778e-01,1.200554e-01,1.111915e-01,1.053792e-01,7.766625e-02,6.943483e-02,6.764836e-02,6.725540e-02,5.813025e-02,5.188366e-02,5.078726e-02,4.435602e-02,4.190481e-02,3.986590e-02,3.649740e-02,3.485700e-02,3.382368e-02,3.244657e-02,3.141652e-02,3.033721e-02,2.907054e-02,2.823905e-02,2.698030e-02,5.813025e-02,8.740636e-08,-2.517190e-06,1.244218e-05,5.531155e-05,6.320726e-04,1.570426e-03,2.182172e-02
1.713640e-01,1.086913e-01,1.035069e-01,6.992427e-02,6.301586e-02,5.419638e-02,4.975173e-02,4.149762e-02,3.930022e-02,3.580003e-02,3.196485e-02,3.101243e-02,3.085687e-02,2.859775e-02,2.569851e-02,2.469528e-02,2.171904e-02,2.049735e-02,1.746837e-02,1.567594e-02,1.564123e-02,1.455879e-02,1.422501e-02,1.290465e-02,3.580003e-02,9.245171e-08,-2.641781e-06,1.306148e-05,6.137474e-05,5.668272e-04,1.499816e-03,2.167913e-02
1.621970e-01,1.137499e-01,9.121822e-02,8.426420e-02,7.227950e-02,5.726981e-02,5.660757e-02,5.029122e-02,4.133228e-02,3.878501e-02,3.793590e-02,3.560971e-02,3.413647e-02,3.211844e-02,3.071530e-02,3.040424e-02,2.765461e-02,2.678505e-02,2.602445e-02,2.509320e-02,2.337142e-02,2.170103e-02,2.098948e-02,1.894571e-02,3.878501e-02,9.966213e-08,-2.961979e-06,1.809140e-05,3.040002e-05,6.033984e-04,1.641416e-03,2.143039e-02
4.382250e-01,1.456772e-01,1.344290e-01,1.254968e-01,8.766904e-02,8.493807e-02,6.595701e-02,6.381283e-02,6.068079e-02,5.368656e-02,4.747363e-02,4.357918e-02,4.320350e-02,3.897708e-02,3.787528e-02,3.492208e-02,3.134428e-02,3.060976e-02,2.752771e-02,2.639211e-02,2.530993e-02,2.416379e-02,2.361092e-02,2.312858e-02,5.368656e-02,1.023846e-07,-2.916332e-06,1.500219e-05,6.643004e-05,4.788688e-04,1.509550e-03,2.164945e-02
1.187071e-01,9.360654e-02,7.586848e-02,7.258722e-02,6.701024e-02,5.677897e-02,5.474529e-02,5.235004e-02,4.814723e-02,4.541396e-02,4.518874e-02,4.164313e-02,3.932838e-02,3.780763e-02,3.367768e-02,3.184890e-02,3.175229e-02,3.018820e-02,2.915496e-02,2.479613e-02,2.455147e-02,2.212733e-02,2.201065e-02,2.018962e-02,4.541396e-02,7.908582e-08,-2.469403e-06,1.643759e-05,-1.238475e-06,8.121163e-04,1.676628e-03,2.098202e-02
7.779406e-02,7.085229e-02,6.672571e-02,6.130782e-02,5.694532e-02,4.764179e-02,4.566400e-02,4.256173e-02,4.062028e-02,3.645519e-02,3.357113e-02,3.320369e-02,3.316340e-02,2.872970e-02,2.672695e-02,2.595545e-02,2.447145e-02,2.361787e-02,2.339754e-02,2.249743e-02,2.196106e-02,2.141085e-02,2.122681e-02,1.912116e-02,3.645519e-02,8.782201e-08,-2.511783e-06,1.197129e-05,6.059375e-05,6.232680e-04,1.583580e-03,2.196926e-02
9.666610e-02,7.123115e-02,6.700961e-02,6.449471e-02,6.085963e-02,5.177250e-02,5.176133e-02,4.477660e-02,4.381147e-02,4.304476e-02,4.074941e-02,3.664110e-02,3.179343e-02,3.148343e-02,2.823582e-02,2.621387e-02,2.334711e-02,2.228986e-02,2.198889e-02,2.120314e-02,2.095393e-02,1.978411e-02,1.711019e-02,1.707475e-02,4.304476e-02,8.499228e-08,-2.475116e-06,1.274274e-05,4.700911e-05,6.645085e-04,1.578654e-03,2.167118e-02
6.064983e-02,5.298022e-02,4.762311e-02,4.710984e-02,2.582241e-02,2.482109e-02,1.751806e-02,1.609628e-02,1.202897e-02,1.134445e-02,1.053060e-02,1.026661e-02,7.386568e-03,6.764402e-03,6.095299e-03,5.193270e-03,4.655557e-03,4.356878e-03,4.230129e-03,3.600573e-03,3.590555e-03,3.336137e-03,3.156891e-03,2.834222e-03,1.134445e-02,9.869195e-08,-2.797481e-06,1.379766e-05,6.916903e-05,4.954350e-04,1.474993e-03,2.165342e-02
9.492435e-02,9.122830e-02,8.236609e-02,7.806637e-02,7.568977e-02,6.531173e-02,5.748297e-02,5.419221e-02,5.033255e-02,4.808163e-02,4.757863e-02,4.179066e-02,4.006331e-02,3.949753e-02,3.892944e-02,3.331008e-02,3.205675e-02,3.020992e-02,2.912163e-02,2.843598e-02,2.684687e-02,2.647782e-02,2.594159e-02,2.515390e-02,4.808163e-02,7.645523e-08,-2.277067e-06,1.227166e-05,3.163482e-05,7.571482e-04,1.582268e-03,2.144253e-02
3.280075e-01,2.166652e-01,9.948289e-02,8.434087e-02,7.502806e-02,6.430102e-02,6.203426e-02,5.272665e-02,5.187415e-02,4.632470e-02,4.475408e-02,4.383097e-02,4.099342e-02,3.870056e-02,3.695504e-02,3.443288e-02,3.076028e-02,2.940415e-02,2.783611e-02,2.746531e-02,2.615336e-02,2.328119e-02,2.191373e-02,2.181185e-02,4.632470e-02,1.151067e-07,-3.223150e-06,1.605634e-05,8.550948e-05,3.595288e-04,1.508407e-03,2.201950e-02
6.665351e-02,6.572338e-02,6.546431e-02,6.510380e-02,5.727865e-02,5.246895e-02,4.829340e-02,4.724806e-02,4.406818e-02,4.291758e-02,4.242468e-02,3.692494e-02,3.582852e-02,3.485798e-02,3.318197e-02,3.078359e-02,2.953125e-02,2.725299e-02,2.699093e-02,2.628561e-02,2.587612e-02,2.586506e-02,2.400834e-02,2.341087e-02,4.291758e-02,9.486161e-08,-2.945916e-06,2.064564e-05,-5.382201e-06,7.418291e-04,1.769341e-03,2.121589e-02
1.201657e-01,6.711605e-02,5.865727e-02,5.502496e-02,4.815477e-02,4.363851e-02,4.149395e-02,3.583320e-02,3.571147e-02,3.376523e-02,3.251108e-02,2.969517e-02,2.853352e-02,2.599194e-02,2.559464e-02,2.546050e-02,2.368812e-02,1.999289e-02,1.836896e-02,1.754423e-02,1.403634e-02,1.401653e-02,1.344948e-02,1.149718e-02,3.376523e-02,8.669246e-08,-2.506758e-06,1.264726e-05,5.190515e-05,6.343070e-04,1.539985e-03,2.163942e-02
5.152539e-01,1.600859e-01,8.725317e-02,7.020172e-02,6.965777e-02,6.470672e-02,5.845882e-02,4.820084e-02,4.629969e-02,4.056445e-02,3.588527e-02,3.212156e-02,3.112964e-02,2.990291e-02,2.970941e-02,2.714164e-02,2.662242e-02,2.566353e-02,2.450435e-02,2.288552e-02,2.223427e-02,2.097749e-02,2.022599e-02,1.826775e-02,4.056445e-02,9.997576e-08,-2.855085e-06,1.468497e-05,6.385662e-05,5.029230e-04,1.522026e-03,2.164229e-02
2.407429e-01,2.074973e-01,1.750279e-01,1.346345e-01,9.197060e-02,8.359799e-02,6.440091e-02,5.532521e-02,5.198378e-02,4.184046e-02,3.957530e-02,3.657832e-02,3.584084e-02,3.162990e-02,3.045743e-02,2.943669e-02,2.771222e-02,2.642564e-02,2.414404e-02,2.298026e-02,2.106387e-02,2.058577e-02,1.944582e-02,1.807459e-02,4.184046e-02,9.245216e-08,-2.792440e-06,1.764473e-05,1.850930e-05,6.657238e-04,1.638653e-03,2.112335e-02
1.426092e-01,7.835163e-02,6.667619e-02,6.225751e-02,5.126131e-02,4.435383e-02,4.324363e-02,4.063962e-02,3.431118e-02,3.346328e-02,3.100010e-02,3.093540e-02,2.773830e-02,2.617149e-02,2.478600e-02,2.407476e-02,2.319941e-02,2.260661e-02,2.161797e-02,2.107565e-02,2.018213e-02,1.603817e-02,1.490534e-02,1.349596e-02,3.346328e-02,8.048818e-08,-2.412024e-06,1.384587e-05,2.659992e-05,7.237293e-04,1.559842e-03,2.116508e-02
8.445277e-02,7.046800e-02,5.080498e-02,4.722587e-02,3.306267e-02,3.244731e-02,2.931493e-02,2.055464e-02,1.559045e-02,1.190053e-02,1.025799e-02,9.512279e-03,8.654477e-03,8.102898e-03,7.235320e-03,6.542284e-03,5.762005e-03,5.031095e-03,4.886084e-03,4.632087e-03,4.432467e-03,4.069206e-03,3.779350e-03,3.443454e-03,1.190053e-02,1.106097e-07,-3.186142e-06,1.786369e-05,5.818286e-05,4.513578e-04,1.567049e-03,2.163835e-02
7.975885e-02,6.051030e-02,6.010988e-02,5.478435e-02,5.105570e-02,4.977019e-02,4.846654e-02,4.029982e-02,3.456648e-02,3.047346e-02,2.978394e-02,2.838168e-02,2.785704e-02,2.709009e-02,2.623219e-02,2.509671e-02,2.311635e-02,2.281840e-02,1.912261e-02,1.719550e-02,1.698478e-02,1.660546e-02,1.334428e-02,1.268699e-02,3.047346e-02,7.790191e-08,-2.293103e-06,1.183503e-05,3.903056e-05,7.289347e-04,1.551716e-03,2.151473e-02
6.779803e-02,5.502809e-02,5.221762e-02,5.127747e-02,4.941311e-02,4.696499e-02,4.376660e-02,4.339765e-02,4.284899e-02,3.988981e-02,3.836656e-02,3.818621e-02,3.659591e-02,3.434827e-02,3.020124e-02,2.709735e-02,2.554235e-02,2.313710e-02,2.220032e-02,2.072000e-02,2.040828e-02,1.940838e-02,1.802625e-02,1.749064e-02,3.988981e-02,7.505374e-08,-2.268523e-06,1.291453e-05,2.224887e-05,7.916227e-04,1.603799e-03,2.135222e-02
1.386702e-01,1.078404e-01,9.749047e-02,8.932320e-02,7.511264e-02,6.604806e-02,6.195767e-02,5.841285e-02,4.856025e-02,4.791497e-02,4.587601e-02,4.272090e-02,3.985954e-02,3.964805e-02,3.732969e-02,3.510098e-02,3.355428e-02,3.295357e-02,3.251149e-02,3.079981e-02,2.846660e-02,2.634568e-02,2.452202e-02,2.333801e-02,4.791497e-02,6.564991e-08,-2.243058e-06,1.819053e-05,-4.963334e-05,1.041967e-03,1.817565e-03,2.062114e-02
1.758186e-01,1.381085e-01,9.838168e-02,8.959367e-02,6.726263e-02,5.666929e-02,5.256466e-02,4.848227e-02,4.400743e-02,4.355557e-02,3.807629e-02,3.344058e-02,3.328811e-02,2.896040e-02,2.558851e-02,2.442943e-02,2.436339e-02,2.356486e-02,2.126946e-02,2.096469e-02,1.851612e-02,1.768889e-02,1.672510e-02,1.468783e-02,4.355557e-02,7.350135e-08,-2.359570e-06,1.670801e-05,-1.641195e-05,8.824088e-04,1.719000e-03,2.076323e-02
4.097125e-01,2.304628e-01,1.048686e-01,7.069547e-02,5.251247e-02,4.873038e-02,4.815057e-02,4.350980e-02,4.177872e-02,3.300721e-02,3.083479e-02,2.812590e-02,2.495416e-02,2.441766e-02,2.109505e-02,2.008599e-02,1.848017e-02,1.812513e-02,1.695103e-02,1.602862e-02,1.466684e-02,1.405595e-02,1.353700e-02,1.251247e-02,3.300721e-02,9.854744e-08,-2.842441e-06,1.526692e-05,5.519622e-05,5.259724e-04,1.514838e-03,2.144249e-02
4.632598e-01,2.632128e-01,1.858838e-01,1.856613e-01,1.120656e-01,8.797518e-02,7.493038e-02,6.998543e-02,6.247653e-02,5.871299e-02,5.089973e-02,4.726326e-02,4.714104e-02,4.262588e-02,3.757312e-02,3.426308e-02,3.094967e-02,2.995550e-02,2.891156e-02,2.656512e-02,2.602878e-02,2.587158e-02,2.503584e-02,2.351471e-02,5.871299e-02,1.031158e-07,-3.046116e-06,1.845144e-05,3.553238e-05,5.538285e-04,1.622027e-03,2.134597e-02
5.178458e-01,2.632957e-01,2.223541e-01,2.113234e-01,1.637637e-01,1.159381e-01,9.316511e-02,7.726794e-02,7.162228e-02,6.065139e-02,5.429858e-02,5.188188e-02,4.923045e-02,4.911500e-02,4.541445e-02,4.281910e-02,4.180828e-02,3.725272e-02,3.476893e-02,3.315529e-02,3.128588e-02,3.092647e-02,2.889403e-02,2.833101e-02,6.065139e-02,1.033777e-07,-3.065033e-06,1.883806e-05,3.238534e-05,5.641605e-04,1.644508e-03,2.135983e-02
8.104861e-02,7.956833e-02,5.323387e-02,5.125274e-02,4.633319e-02,3.961321e-02,3.917362e-02,3.353426e-02,3.284063e-02,2.849120e-02,2.531565e-02,2.230251e-02,2.036096e-02,1.782454e-02,1.567854e-02,1.354795e-02,1.231095e-02,1.219651e-02,1.130361e-02,1.109075e-02,1.082246e-02,9.248903e-03,8.857527e-03,7.653809e-03,2.849120e-02,7.051788e-08,-2.210936e-06,1.419850e-05,4.798823e-07,8.483615e-04,1.607680e-03,2.078306e-02
3.951711e-01,1.708384e-01,1.338928e-01,1.107793e-01,9.136413e-02,8.210172e-02,6.510881e-02,6.248275e-02,5.564756e-02,4.860849e-02,4.373044e-02,4.238296e-02,4.144046e-02,3.671188e-02,3.307782e-02,3.137302e-02,3.058744e-02,2.941703e-02,2.848084e-02,2.672807e-02,2.564904e-02,2.439832e-02,2.363455e-02,2.286138e-02,4.860849e-02,9.620812e-08,-2.903290e-06,1.854390e-05,1.837895e-05,6.519244e-04,1.672879e-03,2.124988e-02
2.185450e-01,1.510996e-01,1.192189e-01,9.414353e-02,9.125355e-02,8.240279e-02,6.090099e-02,5.678718e-02,4.844312e-02,4.119376e-02,3.583580e-02,3.184926e-02,3.151190e-02,2.985525e-02,2.820952e-02,2.766256e-02,2.480901e-02,2.353433e-02,2.299958e-02,2.180994e-02,1.941723e-02,1.853917e-02,1.665842e-02,1.585869e-02,4.119376e-02,8.846111e-08,-2.840611e-06,2.161284e-05,-2.850352e-05,8.245073e-04,1.817685e-03,2.077701e-02
8.036681e-02,6.911705e-02,3.847775e-02,3.592929e-02,2.983854e-02,2.975729e-02,2.759871e-02,2.678138e-02,2.632311e-02,2.428798e-02,2.276159e-02,1.818130e-02,1.735309e-02,1.473227e-02,1.402540e-02,1.275830e-02,1.091000e-02,8.403677e-03,6.812902e-03,5.872900e-03,5.178832e-03,5.044120e-03,4.670466e-03,4.639510e-03,2.428798e-02,8.644617e-08,-2.565270e-06,1.461635e-05,3.300964e-05,6.745243e-04,1.578541e-03,2.132415e-02
6.893566e-02,6.619672e-02,4.330249e-02,3.206437e-02,3.120075e-02,2.816131e-02,2.699556e-02,2.600566e-02,2.550502e-02,2.278477e-02,2.049685e-02,1.718697e-02,1.550728e-02,1.392179e-02,1.308303e-02,1.135207e-02,1.026811e-02,8.095828e-03,6.920461e-03,6.267084e-03,6.248356e-03,5.634117e-03,5.330593e-03,5.320866e-03,2.278477e-02,8.860365e-08,-2.581485e-06,1.374808e-05,4.614361e-05,6.236986e-04,1.517513e-03,2.141982e-02
9.191428e-02,6.190100e-02,3.990033e-02,2.602993e-02,2.590817e-02,2.467410e-02,2.065502e-02,1.693078e-02,1.508791e-02,1.166806e-02,1.087705e-02,9.008504e-03,8.938476e-03,8.182442e-03,7.337394e-03,6.968923e-03,5.983704e-03,5.310659e-03,4.989848e-03,4.142414e-03,3.739108e-03,3.667012e-03,3.459958e-03,3.156045e-03,1.166806e-02,9.903650e-08,-2.888908e-06,1.634798e-05,4.583338e-05,5.523493e-04,1.548938e-03,2.140808e-02
1.280564e-01,9.387956e-02,8.655637e-02,7.953902e-02,5.430365e-02,5.102418e-02,4.250483e-02,3.322703e-02,3.299315e-02,3.049592e-02,3.042171e-02,2.881045e-02,2.408879e-02,2.263570e-02,2.156163e-02,1.974751e-02,1.936180e-02,1.819201e-02,1.578309e-02,1.561013e-02,1.505984e-02,1.350996e-02,1.306358e-02,1.152050e-02,3.049592e-02,9.684271e-08,-2.877060e-06,1.736313e-05,3.120866e-05,6.089211e-04,1.620098e-03,2.131520e-02
2.426192e-01,1.953820e-01,1.076345e-01,7.828444e-02,7.706047e-02,5.100155e-02,5.045423e-02,4.755542e-02,3.829123e-02,3.776136e-02,3.027629e-02,2.942094e-02,2.629947e-02,2.417337e-02,2.173456e-02,2.131930e-02,2.075002e-02,1.807877e-02,1.778149e-02,1.525908e-02,1.423723e-02,1.344732e-02,1.323071e-02,1.220367e-02,3.776136e-02,9.380901e-08,-2.728149e-06,1.484835e-05,4.820567e-05,5.760595e-04,1.529119e-03,2.137150e-02
1.759806e-01,9.303719e-02,6.708110e-02,6.037720e-02,5.264845e-02,5.189930e-02,4.264220e-02,4.142517e-02,3.749056e-02,3.454651e-02,3.357370e-02,2.822330e-02,2.522994e-02,2.361887e-02,2.291650e-02,2.205410e-02,2.132858e-02,1.905717e-02,1.623388e-02,1.515489e-02,1.397325e-02,1.298669e-02,1.278263e-02,1.239217e-02,3.454651e-02,7.733796e-08,-2.538243e-06,1.968029e-05,-3.548665e-05,8.987368e-04,1.769671e-03,2.049550e-02
1.120443e-01,1.010112e-01,7.749247e-02,7.291763e-02,6.259610e-02,5.843594e-02,5.565263e-02,5.386282e-02,4.430877e-02,4.193080e-02,3.679047e-02,3.539717e-02,3.232273e-02,3.113265e-02,3.080006e-02,2.906441e-02,2.795220e-02,2.513738e-02,2.387162e-02,2.358627e-02,2.117321e-02,2.017768e-02,1.769727e-02,1.718264e-02,4.193080e-02,9.112949e-08,-2.697730e-06,1.559516e-05,3.467351e-05,6.404218e-04,1.600436e-03,2.137328e-02
9.189499e-02,4.936851e-02,4.555046e-02,3.771090e-02,3.643418e-02,3.169457e-02,3.058944e-02,2.905830e-02,2.621357e-02,2.601018e-02,2.550269e-02,2.540769e-02,2.526095e-02,2.462879e-02,2.127418e-02,1.763574e-02,1.564652e-02,1.385536e-02,1.271593e-02,1.196213e-02,1.178793e-02,8.453701e-03,6.899711e-03,6.376896e-03,2.601018e-02,8.832002e-08,-2.596878e-06,1.439000e-05,3.963104e-05,6.397222e-04,1.548377e-03,2.133265e-02
1.612005e-01,1.012306e-01,7.398554e-02,5.222817e-02,4.616774e-02,4.474362e-02,4.206971e-02,3.908862e-02,3.792051e-02,3.716350e-02,3.712811e-02,3.615922e-02,3.343871e-02,3.089281e-02,3.041804e-02,2.601610e-02,2.304400e-02,2.252554e-02,2.038588e-02,1.888140e-02,1.830770e-02,1.688721e-02,1.556443e-02,1.474347e-02,3.716350e-02,1.063140e-07,-3.563718e-06,3.195222e-05,-8.642507e-05,8.876901e-04,2.078174e-03,2.054092e-02
6.170588e-02,5.753252e-02,4.874953e-02,4.121863e-02,3.997418e-02,3.777873e-02,3.655164e-02,3.036742e-02,2.643073e-02,2.148760e-02,1.796113e-02,1.518959e-02,1.408995e-02,1.376154e-02,1.209947e-02,1.058466e-02,9.685759e-03,8.932370e-03,7.995641e-03,7.418861e-03,6.770551e-03,6.542446e-03,6.022420e-03,5.261978e-03,2.148760e-02,9.287739e-08,-2.776591e-06,1.690772e-05,2.617638e-05,6.459512e-04,1.596615e-03,2.121011e-02
8.622246e-02,5.836434e-02,4.100736e-02,3.588815e-02,3.300836e-02,3.115237e-02,3.064806e-02,2.967859e-02,2.708357e-02,2.592869e-02,2.586128e-02,2.572664e-02,2.456588e-02,2.276917e-02,2.267579e-02,2.260867e-02,1.794485e-02,1.709042e-02,1.416859e-02,1.352419e-02,1.278373e-02,1.081867e-02,1.037353e-02,9.527536e-03,2.592869e-02,8.381271e-08,-2.470693e-06,1.342783e-05,3.812098e-05,6.819466e-04,1.569011e-03,2.141248e-02
1.552115e-01,1.230343e-01,9.080843e-02,7.847462e-02,7.473302e-02,6.410056e-02,6.272903e-02,5.721708e-02,5.078274e-02,4.261922e-02,3.998215e-02,3.949761e-02,3.660177e-02,3.633160e-02,3.276785e-02,3.168745e-02,3.020444e-02,2.727792e-02,2.459798e-02,2.386460e-02,2.179019e-02,2.163322e-02,1.913022e-02,1.807814e-02,4.261922e-02,1.089095e-07,-3.227788e-06,2.016285e-05,3.180613e-05,5.492017e-04,1.675114e-03,2.156451e-02
6.046831e-02,4.716235e-02,3.657772e-02,3.644528e-02,3.286170e-02,2.824574e-02,2.517604e-02,2.177485e-02,1.572542e-02,1.362621e-02,1.129794e-02,1.063646e-02,1.047736e-02,9.379684e-03,7.981822e-03,7.314672e-03,5.216600e-03,5.147262e-03,4.977664e-03,4.584573e-03,4.238111e-03,4.225300e-03,4.069302e-03,3.671025e-03,1.362621e-02,8.956815e-08,-2.610208e-06,1.399241e-05,4.627820e-05,6.142169e-04,1.530247e-03,2.140056e-02
6.623978e-02,3.588338e-02,3.386713e-02,2.990773e-02,2.976403e-02,2.799025e-02,2.644169e-02,2.516752e-02,2.445724e-02,2.205507e-02,1.462635e-02,1.075476e-02,8.489100e-03,8.414505e-03,7.775701e-03,6.773940e-03,6.167689e-03,5.731636e-03,5.349882e-03,4.768516e-03,3.966630e-03,3.430150e-03,3.389648e-03,3.315782e-03,2.205507e-02,9.425977e-08,-2.695166e-06,1.350459e-05,6.152590e-05,5.533543e-04,1.519542e-03,2.167611e-02
7.252836e-02,5.120357e-02,4.964402e-02,4.921755e-02,4.861953e-02,4.762380e-02,4.269439e-02,4.089962e-02,3.991244e-02,3.913880e-02,3.579351e-02,3.474757e-02,3.387272e-02,3.383371e-02,3.160125e-02,3.061639e-02,2.976603e-02,2.899535e-02,2.828469e-02,2.638458e-02,2.601862e-02,2.455790e-02,2.332195e-02,2.254261e-02,3.913880e-02,6.794445e-08,-2.009381e-06,9.435274e-06,3.775939e-05,8.415508e-04,1.671770e-03,2.203081e-02
9.565553e-02,8.152665e-02,7.678107e-02,7.625936e-02,7.336661e-02,6.837872e-02,6.677820e-02,6.648209e-02,6.296461e-02,6.227375e-02,6.024835e-02,5.720530e-02,5.586730e-02,5.343701e-02,5.267855e-02,5.144919e-02,5.066180e-02,4.809809e-02,4.733473e-02,4.668950e-02,4.600832e-02,4.541007e-02,4.373523e-02,4.331405e-02,6.227375e-02,3.932421e-08,-1.304741e-06,6.296164e-06,-3.252667e-07,1.181839e-03,1.835210e-03,2.223023e-02
1.626115e-01,1.443638e-01,1.133675e-01,8.723107e-02,6.489567e-02,4.118787e-02,3.794634e-02,3.514533e-02,3.082663e-02,2.498487e-02,2.194665e-02,2.067994e-02,2.036573e-02,1.807573e-02,1.744919e-02,1.577642e-02,1.483320e-02,1.217627e-02,1.117036e-02,1.027133e-02,9.843442e-03,9.569767e-03,9.225905e-03,9.146566e-03,2.498487e-02,1.186998e-07,-3.315090e-06,1.656646e-05,8.885780e-05,3.248110e-04,1.479434e-03,2.200036e-02
2.245685e-01,1.387005e-01,6.294494e-02,5.890553e-02,5.480394e-02,4.697112e-02,3.912437e-02,3.561214e-02,2.970160e-02,2.416562e-02,2.393394e-02,2.347225e-02,2.011609e-02,2.004327e-02,1.903918e-02,1.710799e-02,1.694513e-02,1.610596e-02,1.519296e-02,1.332152e-02,1.163927e-02,9.739080e-03,9.390510e-03,9.153841e-03,2.416562e-02,9.739375e-08,-2.802305e-06,1.477212e-05,5.717494e-05,5.322406e-04,1.519376e-03,2.150610e-02
1.971074e-01,1.480092e-01,1.242206e-01,1.214300e-01,1.016032e-01,8.211531e-02,7.692704e-02,6.810296e-02,5.061866e-02,4.930532e-02,4.860942e-02,4.054309e-02,4.022175e-02,3.919564e-02,3.471160e-02,3.081219e-02,2.959666e-02,2.612142e-02,2.600602e-02,2.488080e-02,2.450323e-02,2.405235e-02,2.101746e-02,2.050234e-02,4.930532e-02,8.577400e-08,-2.577701e-06,1.545297e-05,2.356113e-05,6.989347e-04,1.585089e-03,2.117041e-02
2.122472e-01,8.935982e-02,6.644056e-02,5.466177e-02,4.247588e-02,3.525333e-02,3.142128e-02,2.557802e-02,2.278743e-02,1.966928e-02,1.599255e-02,1.530248e-02,1.410345e-02,1.292801e-02,1.131696e-02,1.088201e-02,1.029179e-02,9.800252e-03,9.158986e-03,8.359069e-03,8.107582e-03,7.527988e-03,6.887111e-03,6.464055e-03,1.966928e-02,1.147019e-07,-3.192689e-06,1.540306e-05,9.071379e-05,3.485223e-04,1.482978e-03,2.205957e-02
1.102864e-01,7.798110e-02,6.851974e-02,5.044171e-02,4.241690e-02,4.193075e-02,4.013251e-02,3.371340e-02,3.366347e-02,3.359534e-02,3.095468e-02,2.977592e-02,2.857044e-02,2.805369e-02,2.697740e-02,2.642583e-02,2.627249e-02,2.405896e-02,2.315974e-02,2.246242e-02,2.184017e-02,1.751196e-02,1.656368e-02,1.525656e-02,3.359534e-02,9.713315e-08,-2.754810e-06,1.342412e-05,6.827600e-05,5.332607e-04,1.511678e-03,2.192118e-02
1.851949e-01,6.257084e-02,5.334281e-02,5.232656e-02,4.518781e-02,3.864952e-02,3.055826e-02,3.027309e-02,2.388284e-02,2.219872e-02,1.725931e-02,1.569589e-02,1.463054e-02,1.353828e-02,1.240650e-02,1.179467e-02,1.059053e-02,8.227748e-03,7.965726e-03,7.693390e-03,7.204936e-03,7.129923e-03,6.913645e-03,6.064437e-03,2.219872e-02,1.052149e-07,-3.018746e-06,1.628251e-05,6.101071e-05,4.718072e-04,1.535873e-03,2.157860e-02
8.897239e-02,8.062898e-02,6.564257e-02,6.158267e-02,5.613207e-02,4.850927e-02,4.402734e-02,4.119686e-02,3.920115e-02,3.891210e-02,3.832580e-02,3.605823e-02,3.592847e-02,3.527317e-02,3.502020e-02,3.390189e-02,3.025843e-02,3.025240e-02,2.909229e-02,2.817312e-02,2.693324e-02,2.634941e-02,2.633735e-02,2.570377e-02,3.891210e-02,8.140636e-08,-2.531317e-06,1.678274e-05,9.884565e-07,7.943434e-04,1.701694e-03,2.106116e-02
3.650381e-01,1.885675e-01,1.172392e-01,6.889049e-02,4.696362e-02,3.894366e-02,3.530004e-02,3.232544e-02,2.780270e-02,2.582290e-02,2.348445e-02,2.211863e-02,1.901585e-02,1.861656e-02,1.709929e-02,1.579969e-02,1.429278e-02,1.394814e-02,1.164424e-02,1.150383e-02,1.108678e-02,1.044597e-02,1.010490e-02,9.498676e-03,2.582290e-02,1.071896e-07,-3.063953e-06,1.639503e-05,6.458633e-05,4.465340e-04,1.521611e-03,2.158073e-02
2.064007e-01,1.056779e-01,9.240925e-02,7.994933e-02,6.821645e-02,4.872677e-02,4.521687e-02,4.222675e-02,4.197000e-02,3.141786e-02,3.071382e-02,2.822412e-02,2.673070e-02,2.377946e-02,2.372240e-02,2.064425e-02,2.002680e-02,1.804102e-02,1.550187e-02,1.521386e-02,1.454069e-02,1.335959e-02,1.284151e-02,1.180901e-02,3.141786e-02,1.050422e-07,-2.983619e-06,1.528195e-05,6.959073e-05,4.655853e-04,1.531251e-03,2.182645e-02
1.035183e-01,1.002033e-01,9.175214e-02,7.955713e-02,7.268096e-02,6.035307e-02,5.589864e-02,4.938697e-02,4.112698e-02,3.518370e-02,3.117642e-02,2.769672e-02,2.347622e-02,2.205971e-02,2.110637e-02,1.977874e-02,1.906311e-02,1.573259e-02,1.530709e-02,1.477863e-02,1.380179e-02,1.299155e-02,1.240605e-02,1.132743e-02,3.518370e-02,1.126085e-07,-3.172487e-06,1.611779e-05,7.891905e-05,3.983539e-04,1.524296e-03,2.200534e-02
5.633855e-01,3.657692e-01,1.727755e-01,1.136088e-01,1.087563e-01,9.997209e-02,8.863240e-02,8.590074e-02,7.072984e-02,6.369516e-02,5.974329e-02,5.805829e-02,5.711285e-02,5.262741e-02,5.212318e-02,5.015869e-02,4.618045e-02,4.387252e-02,4.349730e-02,4.134305e-02,4.027736e-02,3.986023e-02,3.731588e-02,3.630078e-02,6.369516e-02,1.107636e-07,-3.131922e-06,1.603828e-05,7.552590e-05,4.222700e-04,1.563279e-03,2.202248e-02
6.963147e-02,6.694625e-02,4.239124e-02,4.092028e-02,2.875956e-02,2.822492e-02,2.743055e-02,2.525903e-02,1.829672e-02,1.723859e-02,1.312553e-02,9.839018e-03,9.217230e-03,8.383478e-03,7.700501e-03,7.475754e-03,7.275830e-03,4.889075e-03,4.374256e-03,4.303932e-03,4.194503e-03,4.193783e-03,4.111573e-03,3.733315e-03,1.723859e-02,9.021668e-08,-2.692155e-06,1.605198e-05,2.852403e-05,6.522492e-04,1.597524e-03,2.119502e-02
1.093945e-01,4.465320e-02,4.418961e-02,4.088634e-02,4.073675e-02,3.312855e-02,2.927412e-02,2.726781e-02,2.473308e-02,1.394258e-02,1.243318e-02,1.243214e-02,1.194659e-02,1.003694e-02,9.511668e-03,7.898355e-03,7.212020e-03,6.585044e-03,6.210776e-03,5.708804e-03,5.524918e-03,5.260606e-03,4.629879e-03,4.458429e-03,1.394258e-02,9.161406e-08,-2.709897e-06,1.567856e-05,3.511493e-05,6.304730e-04,1.585442e-03,2.131141e-02
1.902308e-01,1.293145e-01,1.197078e-01,9.746576e-02,9.328202e-02,8.817914e-02,8.318495e-02,6.994191e-02,5.965224e-02,5.525029e-02,5.115215e-02,4.947677e-02,4.786679e-02,4.135129e-02,4.108712e-02,3.586922e-02,3.458521e-02,3.458508e-02,3.284321e-02,3.223645e-02,3.074683e-02,2.860529e-02,2.793278e-02,2.637532e-02,5.525029e-02,7.357720e-08,-2.404567e-06,1.797346e-05,-2.889956e-05,9.317013e-04,1.772630e-03,2.082860e-02
1.158595e-01,1.030302e-01,9.919506e-02,8.793655e-02,6.764094e-02,6.620962e-02,6.469001e-02,6.097816e-02,6.055851e-02,5.922823e-02,5.705795e-02,5.153255e-02,5.006487e-02,4.979723e-02,4.635932e-02,4.465134e-02,4.154479e-02,4.131388e-02,3.888288e-02,3.837267e-02,3.679190e-02,3.616653e-02,3.488239e-02,3.377682e-02,5.922823e-02,5.398831e-08,-1.742335e-06,1.046796e-05,-3.680636e-06,1.011916e-03,1.676010e-03,2.122090e-02
1.230374e-01,9.469351e-02,8.716190e-02,8.594016e-02,7.421092e-02,6.688544e-02,6.238986e-02,5.926604e-02,4.780639e-02,4.527023e-02,4.261793e-02,4.129974e-02,3.839587e-02,3.801455e-02,3.611786e-02,2.899223e-02,2.824300e-02,2.457779e-02,2.141290e-02,2.034452e-02,2.012208e-02,1.640021e-02,1.588100e-02,1.526635e-02,4.527023e-02,7.619061e-08,-2.314968e-06,1.358324e-05,1.891179e-05,7.879884e-04,1.633614e-03,2.127592e-02
1.968702e-01,1.829958e-01,1.446148e-01,1.387332e-01,1.094663e-01,9.660806e-02,9.128212e-02,8.729276e-02,8.599459e-02,7.233385e-02,6.636679e-02,5.601834e-02,5.542078e-02,4.947057e-02,4.390378e-02,4.121055e-02,4.091477e-02,3.707587e-02,3.387787e-02,3.157879e-02,2.952525e-02,2.831605e-02,2.821536e-02,2.714509e-02,7.233385e-02,6.837007e-08,-2.124162e-06,1.288744e-05,7.339888e-06,8.636562e-04,1.609038e-03,2.105639e-02
1.358638e-01,1.143511e-01,9.718017e-02,7.834738e-02,7.635611e-02,7.563312e-02,6.334232e-02,5.693023e-02,5.434468e-02,4.917781e-02,4.653657e-02,4.331764e-02,3.933099e-02,3.752250e-02,3.459639e-02,3.377213e-02,3.156032e-02,3.123926e-02,2.574034e-02,2.444231e-02,2.405320e-02,2.335611e-02,2.309175e-02,2.081536e-02,4.917781e-02,6.454493e-08,-2.052016e-06,1.317781e-05,-4.338097e-06,9.185366e-04,1.624513e-03,2.091443e-02
1.030625e-01,9.216952e-02,6.903731e-02,6.143593e-02,5.400365e-02,5.263779e-02,3.756773e-02,3.542801e-02,3.461373e-02,3.374666e-02,2.524578e-02,2.161547e-02,2.039896e-02,2.003249e-02,1.662668e-02,1.454153e-02,1.440586e-02,1.325570e-02,1.156551e-02,1.113715e-02,1.092428e-02,1.079778e-02,1.059089e-02,1.018731e-02,3.374666e-02,8.483211e-08,-2.525393e-06,1.446075e-05,3.104867e-05,6.837191e-04,1.577260e-03,2.123003e-02
1.606411e-01,1.255558e-01,1.189905e-01,1.182147e-01,1.103358e-01,9.325469e-02,8.032855e-02,7.122479e-02,6.220823e-02,6.103724e-02,6.051890e-02,5.600264e-02,5.029554e-02,5.019767e-02,4.835232e-02,4.715950e-02,3.886236e-02,3.468563e-02,3.367574e-02,3.357609e-02,3.128473e-02,3.052594e-02,2.952007e-02,2.842220e-02,6.103724e-02,6.428413e-08,-2.086968e-06,1.440019e-05,-1.608181e-05,9.437951e-04,1.672419e-03,2.074209e-02
1.017566e-01,9.734296e-02,8.392590e-02,8.041782e-02,7.147688e-02,6.315011e-02,5.131308e-02,4.765639e-02,4.234883e-02,4.215914e-02,3.913751e-02,3.184720e-02,2.914368e-02,2.851823e-02,2.723672e-02,2.656164e-02,2.339319e-02,2.202105e-02,2.194046e-02,1.800435e-02,1.735471e-02,1.726222e-02,1.715136e-02,1.602747e-02,4.215914e-02,7.498717e-08,-2.313781e-06,1.439806e-05,8.733212e-06,8.067274e-04,1.613461e-03,2.097845e-02
1.590543e-01,9.824362e-02,9.571201e-02,8.521177e-02,8.023925e-02,6.660760e-02,6.101566e-02,6.051515e-02,5.866114e-02,5.667723e-02,5.228117e-02,5.039172e-02,4.716051e-02,4.354327e-02,3.771000e-02,3.631900e-02,3.490737e-02,3.208113e-02,2.911434e-02,2.803706e-02,2.665045e-02,2.572300e-02,2.209060e-02,2.021885e-02,5.667723e-02,6.663108e-08,-2.108515e-06,1.351681e-05,-2.498131e-06,9.002294e-04,1.651596e-03,2.096406e-02
9.728632e-02,9.649816e-02,8.078107e-02,7.641317e-02,6.425034e-02,6.173174e-02,4.896604e-02,4.348640e-02,4.315178e-02,4.048647e-02,3.614676e-02,3.038331e-02,3.036737e-02,2.776048e-02,2.258859e-02,2.154110e-02,2.063703e-02,1.989207e-02,1.521807e-02,1.494654e-02,1.455794e-02,1.400157e-02,1.285803e-02,1.231389e-02,4.048647e-02,7.358797e-08,-2.245118e-06,1.323281e-05,1.643858e-05,7.957633e-04,1.571543e-03,2.104254e-02
1.468895e-01,1.126135e-01,8.520479e-02,8.507440e-02,8.333714e-02,8.093937e-02,8.037139e-02,7.205702e-02,6.988751e-02,6.484823e-02,6.428264e-02,5.771958e-02,5.407380e-02,5.188097e-02,4.484196e-02,3.938098e-02,3.720963e-02,3.659076e-02,3.472601e-02,3.353212e-02,3.280187e-02,3.117949e-02,2.846518e-02,2.710861e-02,6.484823e-02,5.381163e-08,-1.839176e-06,1.367958e-05,-3.418456e-05,1.064527e-03,1.656129e-03,2.054768e-02
1.448077e-01,1.168630e-01,9.327320e-02,7.620332e-02,6.423358e-02,5.659563e-02,4.980402e-02,4.939511e-02,3.515365e-02,3.337478e-02,2.857346e-02,2.710729e-02,2.518039e-02,2.312090e-02,2.163261e-02,2.106218e-02,2.061957e-02,1.920729e-02,1.697094e-02,1.638673e-02,1.528099e-02,1.489969e-02,1.481980e-02,1.356213e-02,3.337478e-02,1.046160e-07,-2.994284e-06,1.587262e-05,6.296507e-05,4.880344e-04,1.555583e-03,2.177026e-02
1.622203e-01,1.411292e-01,1.155129e-01,1.097605e-01,8.888714e-02,8.427926e-02,8.027949e-02,7.822072e-02,7.070404e-02,6.691743e-02,5.803413e-02,5.423002e-02,5.268222e-02,4.983544e-02,4.597723e-02,4.518140e-02,4.021126e-02,3.862528e-02,3.637370e-02,3.481947e-02,3.355540e-02,3.258915e-02,2.845712e-02,2.651299e-02,6.691743e-02,8.323745e-08,-2.467065e-06,1.361022e-05,3.501179e-05,7.057350e-04,1.624230e-03,2.153914e-02
2.543009e-01,1.885180e-01,1.079963e-01,8.019372e-02,7.929469e-02,7.094315e-02,6.815915e-02,6.644629e-02,4.682589e-02,4.540700e-02,4.002203e-02,3.932052e-02,3.576066e-02,3.184066e-02,3.076987e-02,2.767787e-02,2.368850e-02,2.340379e-02,2.268318e-02,2.253138e-02,2.143521e-02,2.039676e-02,1.915006e-02,1.742736e-02,4.540700e-02,9.523138e-08,-2.764633e-06,1.496143e-05,5.021452e-05,5.759364e-04,1.572917e-03,2.157181e-02
9.059836e-02,8.896483e-02,8.470395e-02,7.964024e-02,7.947750e-02,7.674385e-02,5.577847e-02,5.493030e-02,5.364922e-02,4.948822e-02,3.954300e-02,3.931003e-02,3.772794e-02,3.663330e-02,3.221527e-02,2.906254e-02,2.856551e-02,2.834128e-02,2.604196e-02,2.161424e-02,2.155939e-02,1.953533e-02,1.694908e-02,1.584199e-02,4.948822e-02,8.562297e-08,-2.510781e-06,1.345520e-05,4.194752e-05,6.653749e-04,1.568631e-03,2.151279e-02
1.092995e-01,1.028822e-01,6.665748e-02,6.464218e-02,6.410935e-02,5.573790e-02,4.060069e-02,4.010870e-02,3.573571e-02,3.548883e-02,3.224253e-02,3.146631e-02,2.745950e-02,2.675733e-02,2.288183e-02,2.220574e-02,1.742571e-02,1.722127e-02,1.624267e-02,1.605790e-02,1.420753e-02,1.403946e-02,1.372422e-02,1.348726e-02,3.548883e-02,9.225914e-08,-2.678248e-06,1.425447e-05,5.014961e-05,5.942168e-04,1.569968e-03,2.155590e-02
1.992218e-01,1.410899e-01,1.315557e-01,1.306751e-01,9.382146e-02,8.143048e-02,8.054111e-02,7.659040e-02,7.096731e-02,6.338247e-02,5.754348e-02,5.570333e-02,4.977748e-02,4.552476e-02,4.299170e-02,4.075310e-02,3.959650e-02,3.501930e-02,3.366303e-02,3.284734e-02,3.210433e-02,3.068060e-02,2.971092e-02,2.799296e-02,6.338247e-02,8.720507e-08,-2.544175e-06,1.336706e-05,4.651824e-05,6.528765e-04,1.619263e-03,2.170837e-02
1.600242e-01,1.419438e-01,1.138211e-01,8.102932e-02,8.009221e-02,7.338338e-02,7.003773e-02,6.624106e-02,5.466591e-02,5.245881e-02,5.170873e-02,5.005882e-02,4.867212e-02,4.184958e-02,3.559812e-02,3.379914e-02,3.146642e-02,3.083298e-02,2.852418e-02,2.793327e-02,2.709275e-02,2.585802e-02,2.478627e-02,2.467114e-02,5.245881e-02,8.446489e-08,-2.472781e-06,1.301461e-05,4.346032e-05,6.735047e-04,1.585772e-03,2.159287e-02
1.404305e-01,1.099059e-01,9.366842e-02,9.167361e-02,8.739811e-02,7.834607e-02,7.208587e-02,6.308064e-02,5.841874e-02,5.360298e-02,5.056338e-02,4.342113e-02,4.115941e-02,4.007476e-02,3.759112e-02,3.741181e-02,3.345244e-02,3.113216e-02,2.899017e-02,2.774750e-02,2.439303e-02,2.268162e-02,2.240773e-02,2.063496e-02,5.360298e-02,9.035201e-08,-2.623809e-06,1.382391e-05,4.937229e-05,6.171698e-04,1.560608e-03,2.162579e-02
2.347120e-01,1.716443e-01,1.436188e-01,1.251409e-01,1.113644e-01,1.085819e-01,7.386268e-02,6.730859e-02,6.534742e-02,6.221187e-02,5.604228e-02,5.352932e-02,5.120639e-02,4.865322e-02,4.495468e-02,4.303402e-02,4.211332e-02,3.807429e-02,3.601944e-02,3.190018e-02,2.886390e-02,2.728222e-02,2.555791e-02,2.463515e-02,6.221187e-02,9.337046e-08,-2.715298e-06,1.459574e-05,4.928015e-05,6.016561e-04,1.618411e-03,2.170385e-02
1.407577e-01,1.242819e-01,1.214695e-01,1.029701e-01,9.656949e-02,8.425009e-02,7.009087e-02,6.698632e-02,6.404227e-02,6.113309e-02,5.553024e-02,4.501719e-02,3.919085e-02,3.899875e-02,3.736111e-02,3.424695e-02,2.979553e-02,2.825823e-02,2.798348e-02,2.674237e-02,2.473935e-02,2.430776e-02,2.219005e-02,2.140434e-02,6.113309e-02,8.021663e-08,-2.427753e-06,1.440097e-05,2.066693e-05,7.550870e-04,1.643151e-03,2.129516e-02
5.104255e-01,2.292577e-01,1.598072e-01,1.565253e-01,1.437821e-01,1.370685e-01,1.271091e-01,1.232827e-01,1.155538e-01,1.087866e-01,1.035497e-01,9.540790e-02,8.836549e-02,8.674393e-02,8.482212e-02,8.336615e-02,8.065780e-02,7.778957e-02,7.482801e-02,7.301766e-02,6.800074e-02,6.718335e-02,6.455943e-02,6.323579e-02,1.087866e-01,3.875947e-08,-1.716966e-06,1.894605e-05,-1.217627e-04,1.531028e-03,2.396038e-03,2.137831e-02
1.755588e-01,1.391257e-01,1.326414e-01,1.199065e-01,1.098094e-01,1.080824e-01,8.488660e-02,8.164263e-02,7.712684e-02,7.380733e-02,7.133151e-02,7.027108e-02,6.769296e-02,6.574003e-02,6.222258e-02,5.828408e-02,5.547743e-02,5.494961e-02,5.410412e-02,5.156999e-02,4.963301e-02,4.942028e-02,4.555440e-02,4.139611e-02,7.380733e-02,7.567194e-08,-2.333283e-06,1.421941e-05,1.065416e-05,8.650312e-04,1.811405e-03,2.181514e-02
1.823697e-01,1.563899e-01,1.442144e-01,1.364176e-01,1.277627e-01,1.203457e-01,1.165262e-01,9.809132e-02,9.023314e-02,8.149888e-02,7.826625e-02,6.708609e-02,6.454744e-02,6.348530e-02,5.883609e-02,5.533970e-02,5.462041e-02,5.017817e-02,4.962592e-02,4.950166e-02,4.599139e-02,4.533052e-02,4.386888e-02,4.281338e-02,8.149888e-02,3.618662e-08,-1.323993e-06,9.093930e-06,-3.226679e-05,1.231365e-03,1.824894e-03,2.125621e-02
1.852628e-01,1.777768e-01,1.529556e-01,1.294337e-01,1.158285e-01,1.070110e-01,1.059548e-01,9.794450e-02,9.471573e-02,8.983982e-02,7.681066e-02,7.297274e-02,7.129801e-02,6.643508e-02,6.487028e-02,6.174546e-02,5.793886e-02,5.757487e-02,5.615886e-02,5.388989e-02,4.750061e-02,4.661040e-02,4.423281e-02,4.206146e-02,8.983982e-02,5.553935e-08,-1.880675e-06,1.353406e-05,-2.937370e-05,1.089600e-03,1.850923e-03,2.122446e-02
1.584584e-01,1.496488e-01,1.099643e-01,9.476753e-02,8.996872e-02,8.193551e-02,7.501335e-02,7.445512e-02,7.270980e-02,7.171078e-02,6.916460e-02,6.751798e-02,6.312195e-02,6.071607e-02,5.872959e-02,5.843055e-02,5.631437e-02,5.149773e-02,4.961285e-02,4.933435e-02,4.921109e-02,4.787202e-02,4.653296e-02,4.574746e-02,7.171078e-02,-1.222112e-08,-2.796608e-07,8.739758e-06,-1.413325e-04,1.820682e-03,1.960899e-03,1.984947e-02
2.390607e-01,1.784433e-01,1.626454e-01,1.365612e-01,1.144603e-01,1.107478e-01,1.038138e-01,9.446449e-02,9.308439e-02,8.584199e-02,8.196846e-02,7.320483e-02,6.931761e-02,6.888846e-02,6.601494e-02,5.851538e-02,5.725589e-02,5.489786e-02,5.007745e-02,4.970480e-02,4.888093e-02,4.507909e-02,4.349607e-02,4.239992e-02,8.584199e-02,5.482185e-08,-1.750460e-06,1.011388e-05,1.468149e-06,1.003853e-03,1.708199e-03,2.141424e-02
1.348705e-01,1.136163e-01,1.097361e-01,1.023148e-01,9.365645e-02,8.969017e-02,8.048331e-02,7.748253e-02,7.509377e-02,6.933293e-02,6.809143e-02,6.663129e-02,6.374756e-02,5.958433e-02,5.681737e-02,5.518524e-02,5.078230e-02,4.878213e-02,4.700988e-02,4.515500e-02,4.341507e-02,4.178899e-02,4.102199e-02,3.814710e-02,6.933293e-02,4.855038e-08,-1.585152e-06,9.016273e-06,-3.221006e-06,1.082978e-03,1.786164e-03,2.167650e-02
1.467222e-01,1.235493e-01,1.183432e-01,1.036582e-01,1.001913e-01,9.023922e-02,8.771849e-02,8.348056e-02,8.112697e-02,7.951237e-02,7.837541e-02,7.174415e-02,7.079882e-02,6.797770e-02,6.621718e-02,6.341510e-02,6.194918e-02,6.065548e-02,5.764223e-02,5.729131e-02,5.538832e-02,5.396281e-02,5.227726e-02,5.201643e-02,7.951237e-02,2.600756e-08,-1.071021e-06,7.841011e-06,-4.458957e-05,1.358892e-03,1.936442e-03,2.145823e-02
1.664577e-01,1.521347e-01,1.313082e-01,1.238310e-01,1.212215e-01,1.142531e-01,1.013162e-01,8.997387e-02,8.720244e-02,8.297178e-02,7.888964e-02,7.726172e-02,7.483897e-02,7.156785e-02,6.997467e-02,6.815898e-02,6.690037e-02,6.545866e-02,6.333161e-02,6.109175e-02,5.916485e-02,5.512900e-02,5.447112e-02,5.383480e-02,8.297178e-02,2.059656e-08,-9.376341e-07,7.332483e-06,-5.237499e-05,1.408813e-03,1.918141e-03,2.127948e-02
2.026038e-01,1.432201e-01,1.411108e-01,1.259886e-01,1.170293e-01,1.147200e-01,1.029265e-01,9.723381e-02,9.413751e-02,9.090074e-02,8.824340e-02,8.508678e-02,7.942554e-02,7.809948e-02,7.748059e-02,7.531376e-02,6.991758e-02,6.946663e-02,6.825357e-02,6.486817e-02,6.110945e-02,5.951506e-02,5.890750e-02,5.838234e-02,9.090074e-02,-8.898369e-09,-3.522037e-07,8.575038e-06,-1.331453e-04,1.824046e-03,2.085315e-03,2.052198e-02
2.984842e-01,2.586633e-01,1.920526e-01,1.714001e-01,1.507129e-01,1.199377e-01,1.192086e-01,1.008067e-01,8.437974e-02,7.976484e-02,5.903219e-02,5.709907e-02,5.477000e-02,5.035740e-02,4.720294e-02,4.299781e-02,3.841921e-02,3.704084e-02,3.679576e-02,3.647037e-02,3.418504e-02,3.345414e-02,3.296502e-02,3.005836e-02,7.976484e-02,9.428309e-08,-2.938856e-06,2.077500e-05,-7.546591e-06,7.497462e-04,1.802346e-03,2.118658e-02
3.518630e-01,2.286456e-01,1.937208e-01,1.809526e-01,1.509666e-01,1.193291e-01,9.425373e-02,8.831867e-02,8.178986e-02,7.734357e-02,7.361476e-02,7.181172e-02,6.861657e-02,6.305892e-02,5.886189e-02,5.807730e-02,5.225110e-02,5.128656e-02,4.696055e-02,4.485078e-02,4.216651e-02,4.057453e-02,3.942672e-02,3.762035e-02,7.734357e-02,9.429437e-08,-2.749477e-06,1.493137e-05,4.724357e-05,6.315213e-04,1.689274e-03,2.201787e-02
3.745947e-01,2.057025e-01,2.002074e-01,1.228513e-01,1.124836e-01,8.574902e-02,8.313600e-02,7.728298e-02,6.172571e-02,6.111438e-02,5.646730e-02,5.516549e-02,5.480991e-02,4.687366e-02,4.596293e-02,4.515771e-02,4.121984e-02,3.861764e-02,3.515453e-02,3.174319e-02,3.024243e-02,2.944250e-02,2.941453e-02,2.859162e-02,6.111438e-02,9.720069e-08,-2.828121e-06,1.550755e-05,4.927262e-05,5.859282e-04,1.653800e-03,2.181974e-02
1,6.595402e-01,3.307196e-01,1.973365e-01,1.682492e-01,1.628006e-01,1.394678e-01,1.228622e-01,1.010006e-01,9.180783e-02,8.579328e-02,8.160519e-02,7.304791e-02,6.848944e-02,6.504460e-02,6.068766e-02,5.402241e-02,5.298915e-02,5.042593e-02,4.664034e-02,4.583988e-02,4.468508e-02,4.253036e-02,4.129226e-02,9.180783e-02,1.273400e-07,-3.570773e-06,1.864027e-05,8.859963e-05,2.946780e-04,1.573209e-03,2.230010e-02
1.574729e-01,1.403638e-01,1.132504e-01,1.082325e-01,9.857375e-02,9.041565e-02,7.837497e-02,7.176568e-02,6.894678e-02,6.812921e-02,6.786753e-02,6.387446e-02,6.211392e-02,5.914956e-02,5.721530e-02,5.445376e-02,5.168334e-02,5.122452e-02,4.975460e-02,4.751184e-02,4.279127e-02,3.983927e-02,3.714301e-02,3.648379e-02,6.812921e-02,6.083888e-08,-2.027546e-06,1.476744e-05,-2.777809e-05,1.007502e-03,1.730838e-03,2.074649e-02
1.826811e-01,8.211887e-02,7.865037e-02,5.439883e-02,5.078929e-02,5.022016e-02,4.972135e-02,4.777226e-02,3.364117e-02,3.240126e-02,2.835109e-02,2.734555e-02,2.552611e-02,2.287125e-02,2.119053e-02,2.103647e-02,2.049765e-02,1.892312e-02,1.736802e-02,1.700929e-02,1.465468e-02,1.123267e-02,1.093866e-02,1.062176e-02,3.240126e-02,9.647832e-08,-2.797559e-06,1.513997e-05,5.119340e-05,5.712361e-04,1.581172e-03,2.164229e-02
1.222497e-01,1.102223e-01,7.144264e-02,5.843625e-02,5.836722e-02,5.744668e-02,4.891923e-02,4.799879e-02,4.779152e-02,4.418340e-02,4.081676e-02,3.793672e-02,3.692409e-02,3.494252e-02,3.046897e-02,2.914962e-02,2.726417e-02,2.715876e-02,2.610964e-02,2.294995e-02,2.176537e-02,2.107730e-02,2.053029e-02,1.978535e-02,4.418340e-02,8.088567e-08,-2.479472e-06,1.553766e-05,1.146004e-05,7.745715e-04,1.672656e-03,2.119600e-02
1.797493e-01,1.357811e-01,1.229217e-01,1.037248e-01,8.793957e-02,7.394642e-02,7.170983e-02,6.649756e-02,6.337697e-02,6.181411e-02,5.997388e-02,5.176974e-02,4.776730e-02,4.672720e-02,4.430020e-02,4.324420e-02,4.226734e-02,4.014494e-02,3.913464e-02,3.855297e-02,3.730219e-02,3.671052e-02,3.439870e-02,3.159347e-02,6.181411e-02,5.581288e-08,-1.976020e-06,1.645568e-05,-5.552174e-05,1.112203e-03,1.793202e-03,2.044040e-02
1.728184e-01,1.446864e-01,1.309197e-01,1.024499e-01,8.879582e-02,8.078753e-02,7.572486e-02,7.061556e-02,6.752461e-02,6.031384e-02,5.710008e-02,5.557100e-02,4.796171e-02,4.629043e-02,4.216029e-02,3.744512e-02,3.349580e-02,3.302986e-02,3.232807e-02,2.996101e-02,2.956971e-02,2.868826e-02,2.773512e-02,2.718826e-02,6.031384e-02,8.577522e-08,-2.660263e-06,1.786434e-05,5.557822e-07,7.737588e-04,1.715844e-03,2.112724e-02
1.079426e-01,1.055975e-01,7.015765e-02,6.710471e-02,6.553662e-02,6.239543e-02,5.104888e-02,4.946038e-02,4.939136e-02,4.092178e-02,4.082728e-02,3.473009e-02,3.321952e-02,3.069618e-02,2.629632e-02,2.584180e-02,2.456861e-02,2.452386e-02,2.106863e-02,1.998518e-02,1.875754e-02,1.853307e-02,1.673578e-02,1.597133e-02,4.092178e-02,7.489323e-08,-2.267352e-06,1.303909e-05,2.110035e-05,7.820824e-04,1.569931e-03,2.117422e-02
1.091043e-01,9.949399e-02,7.600207e-02,7.513732e-02,6.833185e-02,6.489822e-02,6.086935e-02,5.645601e-02,5.504589e-02,5.262297e-02,4.827485e-02,4.763012e-02,3.715049e-02,3.487075e-02,3.480934e-02,3.363879e-02,3.274575e-02,3.160481e-02,3.027648e-02,2.951035e-02,2.911136e-02,2.806939e-02,2.744586e-02,2.708006e-02,5.262297e-02,5.788671e-08,-1.859512e-06,1.157125e-05,-4.823563e-06,9.766158e-04,1.651614e-03,2.104718e-02
1.203789e-01,1.106471e-01,1.038537e-01,8.914975e-02,8.628064e-02,8.568673e-02,8.042946e-02,7.725737e-02,7.605948e-02,7.203670e-02,7.067662e-02,6.993892e-02,6.832175e-02,6.305971e-02,6.148765e-02,5.978361e-02,5.865371e-02,5.779713e-02,5.276922e-02,5.207064e-02,5.119724e-02,4.956582e-02,4.759528e-02,4.601511e-02,7.203670e-02,3.634357e-08,-1.277945e-06,7.599658e-06,-1.843668e-05,1.204680e-03,1.777593e-03,2.148312e-02
1.226273e-01,9.704907e-02,9.010563e-02,8.298071e-02,7.582615e-02,7.296598e-02,6.580567e-02,6.511818e-02,6.219883e-02,6.189040e-02,5.658571e-02,5.169706e-02,5.073678e-02,4.939018e-02,4.723379e-02,4.697375e-02,4.639109e-02,4.514968e-02,4.334709e-02,3.861901e-02,3.667438e-02,3.615243e-02,3.520740e-02,3.459729e-02,6.189040e-02,4.801408e-08,-1.580781e-06,9.365893e-06,-7.499491e-06,1.075143e-03,1.705005e-03,2.132721e-02
7.657703e-02,7.552207e-02,7.200268e-02,6.554632e-02,6.202763e-02,6.007191e-02,5.810028e-02,5.529108e-02,5.202533e-02,5.167326e-02,4.684427e-02,4.565564e-02,4.229221e-02,4.015448e-02,4.009145e-02,3.971557e-02,3.873373e-02,3.677519e-02,3.675853e-02,3.617568e-02,3.592817e-02,3.550816e-02,3.539388e-02,3.183775e-02,5.167326e-02,4.539660e-08,-1.503825e-06,8.666383e-06,-7.145148e-06,1.101830e-03,1.735343e-03,2.145531e-02
9.787267e-02,7.792431e-02,7.354362e-02,7.037950e-02,6.996264e-02,6.850294e-02,6.556374e-02,6.140249e-02,5.863155e-02,5.840595e-02,5.486806e-02,5.123367e-02,4.640353e-02,4.510914e-02,4.256794e-02,4.088152e-02,4.067726e-02,3.863331e-02,3.725524e-02,3.593915e-02,3.391435e-02,3.268225e-02,3.006822e-02,2.762780e-02,5.840595e-02,6.301940e-08,-1.964205e-06,1.136408e-05,8.814399e-06,9.206704e-04,1.665131e-03,2.137748e-02
9.824619e-02,8.324507e-02,7.985469e-02,7.152841e-02,7.011716e-02,6.728413e-02,6.634620e-02,5.870003e-02,5.468368e-02,5.229421e-02,5.156632e-02,4.656347e-02,4.377761e-02,4.226315e-02,4.038723e-02,3.870428e-02,3.848670e-02,3.755937e-02,3.673648e-02,3.662823e-02,3.447529e-02,3.323601e-02,3.251842e-02,3.137776e-02,5.229421e-02,6.524950e-08,-2.018199e-06,1.155679e-05,1.214716e-05,8.985228e-04,1.666655e-03,2.142919e-02
1.210897e-01,9.718702e-02,9.334240e-02,8.127741e-02,7.259802e-02,7.002255e-02,6.430658e-02,6.394138e-02,5.964046e-02,5.905539e-02,5.802588e-02,5.342458e-02,5.045321e-02,5.008569e-02,4.870390e-02,4.601922e-02,4.554555e-02,4.444080e-02,4.368617e-02,4.319914e-02,4.278393e-02,4.253439e-02,4.174903e-02,4.106264e-02,5.905539e-02,5.764631e-08,-1.798354e-06,9.622276e-06,1.241441e-05,9.776254e-04,1.763632e-03,2.180612e-02
1.067624e-01,1.045711e-01,1.000483e-01,9.397009e-02,8.709679e-02,8.015874e-02,7.982064e-02,7.317399e-02,6.736570e-02,6.505172e-02,6.442203e-02,5.609885e-02,5.405931e-02,5.357945e-02,5.189615e-02,5.174848e-02,5.127942e-02,4.840990e-02,4.682723e-02,4.484577e-02,4.439240e-02,4.295814e-02,4.189886e-02,4.110641e-02,6.505172e-02,5.260283e-08,-1.674674e-06,9.138733e-06,5.127285e-06,1.030320e-03,1.764261e-03,2.171176e-02
9.044157e-02,8.561989e-02,8.314797e-02,8.053782e-02,7.387435e-02,6.956551e-02,6.827868e-02,6.464270e-02,6.341529e-02,6.091992e-02,5.788684e-02,5.623581e-02,5.507717e-02,5.230147e-02,5.146513e-02,4.884420e-02,4.706300e-02,4.657725e-02,4.522843e-02,4.450142e-02,4.351760e-02,4.252025e-02,4.075834e-02,3.967331e-02,6.091992e-02,4.710510e-08,-1.561934e-06,9.312055e-06,-9.118312e-06,1.094713e-03,1.757743e-03,2.144239e-02
1.187769e-01,1.024713e-01,8.882225e-02,8.014050e-02,7.886512e-02,7.304818e-02,6.849201e-02,6.579493e-02,6.500456e-02,6.168216e-02,5.873767e-02,5.687210e-02,5.618510e-02,5.573201e-02,5.423111e-02,5.377969e-02,5.293396e-02,4.972918e-02,4.869634e-02,4.623219e-02,4.577420e-02,4.199873e-02,3.999845e-02,3.655789e-02,6.168216e-02,3.681804e-08,-1.311587e-06,8.341601e-06,-2.389583e-05,1.204185e-03,1.788819e-03,2.130592e-02
1.447291e-01,1.108959e-01,1.065261e-01,9.062693e-02,8.803511e-02,8.579649e-02,7.855373e-02,7.599388e-02,7.361969e-02,6.979679e-02,6.613256e-02,6.425921e-02,6.393114e-02,6.346320e-02,6.148568e-02,5.784427e-02,5.433934e-02,5.181356e-02,4.940848e-02,4.931274e-02,4.836056e-02,4.576811e-02,4.339962e-02,4.218651e-02,6.979679e-02,3.463444e-08,-1.238417e-06,7.543826e-06,-2.186304e-05,1.218995e-03,1.755726e-03,2.136338e-02
1.181397e-01,1.132803e-01,1.022560e-01,9.729585e-02,8.983683e-02,8.633743e-02,7.908297e-02,7.787651e-02,7.218911e-02,7.096084e-02,7.085253e-02,6.912343e-02,6.349204e-02,6.213827e-02,5.973255e-02,5.642372e-02,5.410409e-02,5.202911e-02,5.177226e-02,4.967248e-02,4.863846e-02,4.794037e-02,4.549704e-02,4.333564e-02,7.096084e-02,3.277947e-08,-1.203700e-06,7.613165e-06,-2.689599e-05,1.255288e-03,1.818799e-03,2.146151e-02
1.216661e-01,9.144938e-02,8.780381e-02,8.758843e-02,8.402156e-02,7.613136e-02,7.380848e-02,7.163080e-02,6.773810e-02,6.490362e-02,6.181195e-02,5.612616e-02,5.335711e-02,5.309127e-02,5.196616e-02,5.095624e-02,5.011177e-02,4.400948e-02,4.175497e-02,4.085484e-02,3.991633e-02,3.902959e-02,3.784359e-02,3.650324e-02,6.490362e-02,4.960823e-08,-1.623638e-06,9.650591e-06,-6.385039e-06,1.058316e-03,1.699479e-03,2.130082e-02
9.999792e-02,7.254515e-02,6.286558e-02,6.206436e-02,5.821503e-02,5.277382e-02,5.019712e-02,4.466813e-02,4.436985e-02,4.369688e-02,3.259235e-02,3.081539e-02,2.916535e-02,2.840571e-02,2.788263e-02,2.542911e-02,2.321650e-02,1.970043e-02,1.817214e-02,1.784624e-02,1.674570e-02,1.605619e-02,1.595514e-02,1.487157e-02,4.369688e-02,6.844854e-08,-2.104202e-06,1.222531e-05,1.375636e-05,8.480963e-04,1.594231e-03,2.114226e-02
9.698947e-02,9.144417e-02,8.643694e-02,8.032156e-02,7.248659e-02,7.011064e-02,6.575995e-02,6.293689e-02,6.205601e-02,6.175029e-02,5.571045e-02,5.434512e-02,4.908029e-02,4.897379e-02,4.818591e-02,4.367776e-02,4.121699e-02,3.845989e-02,3.795519e-02,3.614155e-02,3.416962e-02,3.103256e-02,3.050778e-02,2.972012e-02,6.175029e-02,5.534075e-08,-1.777700e-06,1.069955e-05,-2.624368e-06,9.943752e-04,1.655882e-03,2.115504e-02
1.388732e-01,1.000544e-01,9.921689e-02,9.465533e-02,8.999795e-02,8.938193e-02,8.670865e-02,7.899830e-02,7.418775e-02,6.872879e-02,6.524569e-02,6.135343e-02,6.093641e-02,6.010169e-02,5.717985e-02,5.282926e-02,5.245591e-02,5.081463e-02,4.844707e-02,4.656750e-02,4.178450e-02,4.046280e-02,3.631388e-02,3.602949e-02,6.872879e-02,5.206907e-08,-1.664284e-06,9.289680e-06,2.607691e-06,1.021883e-03,1.680844e-03,2.143152e-02
1.196239e-01,7.678017e-02,7.238019e-02,6.411508e-02,6.243698e-02,5.058226e-02,4.484979e-02,4.444652e-02,4.399225e-02,3.657775e-02,3.374252e-02,3.312496e-02,2.812165e-02,2.733218e-02,2.545130e-02,2.157399e-02,1.948252e-02,1.845198e-02,1.618845e-02,1.593417e-02,1.556373e-02,1.380151e-02,1.262304e-02,1.182539e-02,3.657775e-02,6.723412e-08,-2.095811e-06,1.277347e-05,5.921823e-06,8.710031e-04,1.604562e-03,2.099304e-02
1.293967e-01,1.076884e-01,9.391895e-02,8.534323e-02,7.414847e-02,7.177800e-02,6.416696e-02,6.298074e-02,6.166011e-02,5.681088e-02,5.348632e-02,5.168989e-02,4.482755e-02,4.047658e-02,3.148431e-02,3.017483e-02,2.973390e-02,2.914551e-02,2.905342e-02,2.706264e-02,2.654258e-02,2.498974e-02,2.331489e-02,2.307475e-02,5.681088e-02,5.944551e-08,-1.879602e-06,1.119809e-05,2.352815e-06,9.440726e-04,1.617655e-03,2.108177e-02
1.033865e-01,9.717154e-02,9.632899e-02,9.553897e-02,6.433011e-02,5.933361e-02,5.564981e-02,5.090025e-02,4.955029e-02,4.919071e-02,4.777955e-02,4.752850e-02,4.482051e-02,4.392191e-02,4.058448e-02,3.522542e-02,3.260657e-02,3.154559e-02,3.025512e-02,2.851530e-02,2.822744e-02,2.660960e-02,2.411366e-02,2.396569e-02,4.919071e-02,5.788351e-08,-1.883691e-06,1.230547e-05,-1.161512e-05,9.910413e-04,1.670593e-03,2.096201e-02
1.453278e-01,1.338408e-01,1.252411e-01,1.241595e-01,1.174229e-01,1.057108e-01,1.020224e-01,8.320626e-02,7.953891e-02,7.902622e-02,7.300400e-02,6.773900e-02,6.349892e-02,6.291040e-02,5.929299e-02,5.332840e-02,4.430836e-02,4.287211e-02,4.218536e-02,3.949986e-02,3.788950e-02,3.475077e-02,3.223735e-02,3.061595e-02,7.902622e-02,5.656922e-08,-1.781241e-06,9.984985e-06,6.758002e-06,9.697876e-04,1.651807e-03,2.134144e-02
