sample_name,a1,a2,a3,a4,a5,a6,a7,a8,SSE,R_square,DFE,adj_R_square,RMSE
sample10-195rpm-60kx-10,1.841127e-08,-4.048352e-07,-1.000450e-07,3.950382e-05,-1.563898e-04,5.983618e-04,3.504900e-03,2.295967e-02,2.910902e-04,9.960027e-01,38,9.952664e-01,2.767719e-03
sample10-195rpm-60kx-11,1.154303e-08,-1.988712e-07,-1.564516e-06,3.213621e-05,-5.068568e-05,3.733604e-04,2.731123e-03,2.262308e-02,2.217440e-04,9.965683e-01,38,9.959362e-01,2.415651e-03
sample10-195rpm-60kx-2,1.332460e-08,-2.544581e-07,-1.112236e-06,3.316763e-05,-7.505381e-05,4.525668e-04,2.972544e-03,2.292396e-02,2.167958e-04,9.968502e-01,38,9.962699e-01,2.388546e-03
sample10-195rpm-60kx-3,1.580118e-08,-3.292742e-07,-5.678889e-07,3.577719e-05,-1.138523e-04,5.244829e-04,3.189926e-03,2.282729e-02,2.431946e-04,9.964963e-01,38,9.958508e-01,2.529794e-03
sample10-195rpm-60kx-4,1.465027e-08,-2.966710e-07,-7.491098e-07,3.376170e-05,-9.351297e-05,5.071628e-04,3.086062e-03,2.297703e-02,2.120709e-04,9.969726e-01,38,9.964150e-01,2.362375e-03
sample10-195rpm-60kx-5,1.693763e-08,-3.564473e-07,-5.529379e-07,3.944210e-05,-1.378526e-04,5.218935e-04,3.360207e-03,2.274320e-02,3.144241e-04,9.955174e-01,38,9.946916e-01,2.876512e-03
sample10-195rpm-60kx-6,1.308553e-08,-2.235592e-07,-1.968875e-06,4.209442e-05,-1.030744e-04,3.579651e-04,3.069024e-03,2.248818e-02,3.960512e-04,9.943350e-01,38,9.932915e-01,3.228374e-03
sample10-195rpm-60kx-7,1.501334e-08,-3.077769e-07,-6.638579e-07,3.399493e-05,-9.823194e-05,5.278527e-04,3.163652e-03,2.313546e-02,2.103217e-04,9.970813e-01,38,9.965436e-01,2.352612e-03
sample10-195rpm-60kx-9,1.948307e-08,-4.260232e-07,-2.342731e-07,4.472865e-05,-1.847955e-04,5.518666e-04,3.620624e-03,2.246300e-02,4.299033e-04,9.939232e-01,38,9.928038e-01,3.363517e-03
sample10-20rpm-60kx-11,8.604604e-09,-1.137208e-07,-2.092677e-06,2.795578e-05,-3.064960e-06,2.923480e-04,2.340205e-03,2.248408e-02,1.782733e-04,9.970746e-01,38,9.965358e-01,2.165964e-03
sample10-20rpm-60kx-12,1.144638e-08,-2.027929e-07,-1.357099e-06,2.941198e-05,-4.126271e-05,4.260870e-04,2.719224e-03,2.304803e-02,1.651580e-04,9.975797e-01,38,9.971339e-01,2.084769e-03
sample10-20rpm-60kx-13,7.235229e-09,-7.259935e-08,-2.392741e-06,2.647673e-05,1.775173e-05,2.852092e-04,2.344700e-03,2.289500e-02,1.574225e-04,9.975951e-01,38,9.971521e-01,2.035362e-03
sample10-20rpm-60kx-1,5.888882e-09,-3.429706e-08,-2.614306e-06,2.446340e-05,3.859083e-05,2.517050e-04,2.111846e-03,2.273534e-02,1.341177e-04,9.978604e-01,38,9.974662e-01,1.878673e-03
sample10-20rpm-60kx-2,8.981572e-09,-1.205264e-07,-2.167411e-06,3.012847e-05,-1.521310e-05,2.968015e-04,2.436577e-03,2.251297e-02,2.017417e-04,9.967510e-01,38,9.961525e-01,2.304125e-03
sample10-20rpm-60kx-3,1.047637e-08,-1.702400e-07,-1.679812e-06,2.975454e-05,-3.070259e-05,3.576538e-04,2.578137e-03,2.265739e-02,1.882106e-04,9.970528e-01,38,9.965099e-01,2.225514e-03
sample10-20rpm-60kx-4,7.956139e-09,-9.553517e-08,-2.192234e-06,2.681053e-05,7.911236e-06,2.944944e-04,2.320647e-03,2.267356e-02,1.592489e-04,9.974671e-01,38,9.970006e-01,2.047135e-03
sample10-20rpm-60kx-5,6.771012e-09,-6.163688e-08,-2.390762e-06,2.494200e-05,2.780524e-05,2.673409e-04,2.181738e-03,2.268259e-02,1.420920e-04,9.977210e-01,38,9.973011e-01,1.933717e-03
sample10-20rpm-60kx-7,7.921687e-09,-9.530787e-08,-2.169116e-06,2.646098e-05,9.928970e-06,2.761031e-04,2.252532e-03,2.245541e-02,1.634951e-04,9.972917e-01,38,9.967928e-01,2.074247e-03
sample10-20rpm-60kx-9,8.000573e-09,-9.781164e-08,-2.148478e-06,2.646197e-05,8.982312e-06,2.899431e-04,2.295231e-03,2.260221e-02,1.588212e-04,9.974376e-01,38,9.969656e-01,2.044384e-03
sample11-100rpm-60kx-10,8.669442e-09,-1.065198e-07,-2.394734e-06,3.167632e-05,-1.710692e-05,2.675428e-04,2.443403e-03,2.236809e-02,2.320508e-04,9.962406e-01,38,9.955481e-01,2.471154e-03
sample11-100rpm-60kx-11,8.739274e-09,-1.105237e-07,-2.308468e-06,3.089035e-05,-1.428284e-05,2.588051e-04,2.386451e-03,2.225341e-02,2.316108e-04,9.961190e-01,38,9.954041e-01,2.468810e-03
sample11-100rpm-60kx-13,8.494163e-09,-1.010876e-07,-2.440995e-06,3.162829e-05,-1.596372e-05,2.768683e-04,2.423923e-03,2.246739e-02,2.183625e-04,9.965034e-01,38,9.958593e-01,2.397161e-03
sample11-100rpm-60kx-16,5.504900e-09,-1.334832e-08,-3.018249e-06,2.781235e-05,3.124157e-05,1.930541e-04,2.090761e-03,2.236762e-02,1.860794e-04,9.968890e-01,38,9.963159e-01,2.212877e-03
sample11-100rpm-60kx-17,8.304789e-09,-9.402060e-08,-2.530230e-06,3.201284e-05,-1.510038e-05,2.623700e-04,2.421746e-03,2.238813e-02,2.296602e-04,9.963093e-01,38,9.956294e-01,2.458392e-03
sample11-100rpm-60kx-18,9.391307e-09,-1.242695e-07,-2.373910e-06,3.399278e-05,-3.386292e-05,2.786151e-04,2.534613e-03,2.232650e-02,2.615922e-04,9.958165e-01,38,9.950459e-01,2.623739e-03
sample11-100rpm-60kx-1,1.111865e-08,-1.794738e-07,-1.880410e-06,3.430782e-05,-5.284545e-05,3.142051e-04,2.670309e-03,2.223739e-02,2.788876e-04,9.954743e-01,38,9.946406e-01,2.709086e-03
sample11-100rpm-60kx-21,4.888682e-09,1.083899e-08,-3.364655e-06,2.987118e-05,2.652806e-05,2.164336e-04,2.132326e-03,2.265088e-02,1.712656e-04,9.973402e-01,38,9.968502e-01,2.122967e-03
sample11-100rpm-60kx-25,1.496647e-08,-2.843154e-07,-1.414237e-06,4.232610e-05,-1.240589e-04,4.016031e-04,3.213991e-03,2.236849e-02,4.106150e-04,9.940086e-01,38,9.929049e-01,3.287196e-03
sample11-100rpm-60kx-27,9.266783e-09,-1.296173e-07,-2.084406e-06,3.018729e-05,-1.779152e-05,2.829552e-04,2.421076e-03,2.228906e-02,2.169426e-04,9.963819e-01,38,9.957154e-01,2.389355e-03
sample11-100rpm-60kx-2,7.401740e-09,-7.124192e-08,-2.571764e-06,2.923749e-05,6.238849e-06,2.370687e-04,2.288935e-03,2.237777e-02,2.056261e-04,9.966079e-01,38,9.959830e-01,2.326201e-03
sample11-100rpm-60kx-31,1.115571e-08,-1.848866e-07,-1.729371e-06,3.269090e-05,-4.809744e-05,3.490990e-04,2.699590e-03,2.251617e-02,2.362136e-04,9.963029e-01,38,9.956218e-01,2.493220e-03
sample11-100rpm-60kx-33,5.363088e-09,-1.417475e-08,-2.881639e-06,2.580801e-05,3.868230e-05,2.266699e-04,2.079588e-03,2.260749e-02,1.459506e-04,9.976395e-01,38,9.972047e-01,1.959797e-03
sample11-100rpm-60kx-3,6.856712e-09,-5.565084e-08,-2.665912e-06,2.845790e-05,1.427988e-05,2.337992e-04,2.228352e-03,2.242924e-02,1.899461e-04,9.968740e-01,38,9.962982e-01,2.235751e-03
sample11-100rpm-60kx-4,9.814038e-09,-1.433521e-07,-2.060718e-06,3.178635e-05,-2.962297e-05,3.040818e-04,2.556813e-03,2.244685e-02,2.315455e-04,9.962995e-01,38,9.956178e-01,2.468462e-03
sample11-100rpm-60kx-5,1.005829e-08,-1.473878e-07,-2.117252e-06,3.330565e-05,-3.721732e-05,2.812908e-04,2.556547e-03,2.219803e-02,2.701656e-04,9.955472e-01,38,9.947270e-01,2.666387e-03
sample11-100rpm-60kx-6,1.000577e-08,-1.484159e-07,-2.048821e-06,3.239121e-05,-3.531668e-05,3.273127e-04,2.601730e-03,2.257698e-02,2.220424e-04,9.965461e-01,38,9.959099e-01,2.417275e-03
sample11-100rpm-60kx-8,7.419828e-09,-5.958614e-08,-2.990895e-06,3.418798e-05,-1.329622e-05,2.237443e-04,2.398227e-03,2.236818e-02,2.662174e-04,9.958122e-01,38,9.950408e-01,2.646832e-03
sample11-195rpm-60kx-11,1.108275e-08,-1.764325e-07,-1.955486e-06,3.506449e-05,-5.543752e-05,3.082948e-04,2.666369e-03,2.219719e-02,2.908448e-04,9.952748e-01,38,9.944044e-01,2.766552e-03
sample11-195rpm-60kx-12,2.038466e-08,-4.558216e-07,4.274510e-08,4.449373e-05,-1.943477e-04,6.543286e-04,4.002283e-03,2.340870e-02,3.684455e-04,9.955271e-01,38,9.947032e-01,3.113829e-03
sample11-195rpm-60kx-13,2.092382e-08,-4.747801e-07,2.527147e-07,4.415820e-05,-2.004070e-04,6.614729e-04,3.922296e-03,2.312362e-02,3.670292e-04,9.953277e-01,38,9.944670e-01,3.107839e-03
sample11-195rpm-60kx-14,1.062330e-08,-1.679397e-07,-1.876773e-06,3.253335e-05,-4.160713e-05,3.278898e-04,2.635903e-03,2.244619e-02,2.381794e-04,9.962183e-01,38,9.955217e-01,2.503573e-03
sample11-195rpm-60kx-19,8.821430e-09,-1.158459e-07,-2.199478e-06,3.000862e-05,-1.325766e-05,2.850952e-04,2.401023e-03,2.238326e-02,2.047182e-04,9.966440e-01,38,9.960258e-01,2.321060e-03
sample11-195rpm-60kx-1,1.064456e-08,-1.695003e-07,-1.842335e-06,3.222240e-05,-4.108715e-05,3.384092e-04,2.646383e-03,2.252153e-02,2.273645e-04,9.964305e-01,38,9.957730e-01,2.446074e-03
sample11-195rpm-60kx-22,1.003736e-08,-1.483076e-07,-2.070501e-06,3.268626e-05,-3.507869e-05,2.958731e-04,2.568315e-03,2.232974e-02,2.516400e-04,9.959223e-01,38,9.951711e-01,2.573345e-03
sample11-195rpm-60kx-24,1.840262e-08,-4.037590e-07,-1.346862e-07,3.970783e-05,-1.569394e-04,6.374732e-04,3.683818e-03,2.351266e-02,2.701168e-04,9.966190e-01,38,9.959962e-01,2.666147e-03
sample11-195rpm-60kx-25,7.030613e-09,-5.984363e-08,-2.664002e-06,2.906214e-05,1.010761e-05,2.339782e-04,2.248505e-03,2.239052e-02,1.967061e-04,9.967578e-01,38,9.961606e-01,2.275187e-03
sample11-195rpm-60kx-26,9.371725e-09,-1.268304e-07,-2.265917e-06,3.261618e-05,-2.752062e-05,2.727895e-04,2.504516e-03,2.228439e-02,2.534385e-04,9.958617e-01,38,9.950994e-01,2.582525e-03
sample11-195rpm-60kx-31,1.174315e-08,-1.966218e-07,-1.801710e-06,3.556639e-05,-6.441901e-05,3.362298e-04,2.782305e-03,2.234343e-02,2.921673e-04,9.954034e-01,38,9.945567e-01,2.772835e-03
sample11-195rpm-60kx-4,8.170743e-09,-9.580054e-08,-2.356869e-06,2.948589e-05,-3.801630e-06,2.703102e-04,2.358500e-03,2.245866e-02,1.978995e-04,9.967815e-01,38,9.961887e-01,2.282078e-03
sample11-195rpm-60kx-6,1.227721e-08,-2.169305e-07,-1.541829e-06,3.450749e-05,-6.726126e-05,3.667632e-04,2.787697e-03,2.238677e-02,2.648930e-04,9.958152e-01,38,9.950443e-01,2.640240e-03
sample11-195rpm-60kx-7,1.204585e-08,-2.064663e-07,-1.708865e-06,3.556665e-05,-6.754359e-05,3.380399e-04,2.786276e-03,2.226508e-02,2.971827e-04,9.952592e-01,38,9.943858e-01,2.796533e-03
sample11-195rpm-60kx-8,1.648298e-08,-3.512515e-07,-3.715113e-07,3.572187e-05,-1.208501e-04,5.856173e-04,3.399204e-03,2.339820e-02,2.227300e-04,9.970846e-01,38,9.965475e-01,2.421015e-03
sample11-20rpm-60kx-10,1.045655e-08,-1.568943e-07,-2.119111e-06,3.471933e-05,-4.702866e-05,2.986991e-04,2.665323e-03,2.232086e-02,2.826616e-04,9.955230e-01,38,9.946983e-01,2.727355e-03
sample11-20rpm-60kx-12,1.392639e-08,-2.551250e-07,-1.572076e-06,4.062479e-05,-1.069171e-04,3.668229e-04,3.045710e-03,2.216257e-02,3.868914e-04,9.940953e-01,38,9.930076e-01,3.190823e-03
sample11-20rpm-60kx-13,8.553176e-09,-1.013182e-07,-2.480082e-06,3.224770e-05,-1.792444e-05,2.642757e-04,2.462935e-03,2.240109e-02,2.388114e-04,9.961828e-01,38,9.954796e-01,2.506892e-03
sample11-20rpm-60kx-19,1.432375e-08,-2.683500e-07,-1.447915e-06,4.067725e-05,-1.135299e-04,4.088218e-04,3.077555e-03,2.236317e-02,3.537903e-04,9.947430e-01,38,9.937746e-01,3.051274e-03
sample11-20rpm-60kx-20,9.379915e-09,-1.094468e-07,-2.879272e-06,3.983618e-05,-5.588533e-05,2.536036e-04,2.681217e-03,2.226180e-02,3.536088e-04,9.947914e-01,38,9.938319e-01,3.050491e-03
sample11-20rpm-60kx-21,6.448831e-09,-2.167994e-08,-3.517116e-06,3.708842e-05,-1.663528e-05,2.132941e-04,2.400772e-03,2.244734e-02,2.763374e-04,9.959681e-01,38,9.952254e-01,2.696672e-03
sample11-20rpm-60kx-22,8.786691e-09,-9.113497e-08,-3.028917e-06,3.953583e-05,-4.955662e-05,2.548802e-04,2.633532e-03,2.237631e-02,3.292818e-04,9.952277e-01,38,9.943486e-01,2.943690e-03
sample11-20rpm-60kx-23,8.824457e-09,-9.625734e-08,-2.895913e-06,3.838493e-05,-4.910792e-05,2.931763e-04,2.590296e-03,2.246805e-02,2.685287e-04,9.961064e-01,38,9.953892e-01,2.658297e-03
sample11-20rpm-60kx-26,1.035759e-08,-1.448625e-07,-2.458713e-06,3.840508e-05,-6.123076e-05,2.924469e-04,2.735962e-03,2.231647e-02,3.260484e-04,9.950877e-01,38,9.941828e-01,2.929202e-03
sample11-20rpm-60kx-27,1.385801e-08,-2.554322e-07,-1.506183e-06,3.959016e-05,-1.024372e-04,3.803018e-04,3.041351e-03,2.230486e-02,3.575344e-04,9.945803e-01,38,9.935819e-01,3.067377e-03
sample11-20rpm-60kx-29,8.524419e-09,-9.431171e-08,-2.699077e-06,3.470557e-05,-2.702352e-05,2.514108e-04,2.509677e-03,2.234436e-02,2.752802e-04,9.956845e-01,38,9.948895e-01,2.691508e-03
sample11-20rpm-60kx-2,1.264614e-08,-2.167996e-07,-1.846674e-06,3.927551e-05,-8.831339e-05,3.486681e-04,2.937254e-03,2.232122e-02,3.500497e-04,9.947060e-01,38,9.937308e-01,3.035101e-03
sample11-20rpm-60kx-4,4.154156e-09,4.169791e-08,-3.834062e-06,3.289816e-05,2.120783e-05,1.891295e-04,2.102216e-03,2.253171e-02,1.939966e-04,9.970708e-01,38,9.965312e-01,2.259463e-03
sample11-20rpm-60kx-6,1.185679e-08,-1.587849e-07,-3.214790e-06,5.250821e-05,-1.327389e-04,3.092931e-04,3.190928e-03,2.243658e-02,5.525216e-04,9.937802e-01,38,9.926344e-01,3.813141e-03
sample11-20rpm-60kx-7,1.182752e-08,-1.950955e-07,-1.923896e-06,3.727012e-05,-7.153881e-05,3.299598e-04,2.831373e-03,2.232643e-02,3.206053e-04,9.950454e-01,38,9.941327e-01,2.904648e-03
sample11-20rpm-60kx-8,4.934735e-09,3.861609e-09,-3.159223e-06,2.764821e-05,3.528880e-05,2.092855e-04,2.074539e-03,2.251255e-02,1.597923e-04,9.974211e-01,38,9.969460e-01,2.050625e-03
sample11-20rpm-60kx-9,7.998484e-09,-7.997094e-08,-2.765297e-06,3.363647e-05,-1.755305e-05,2.467005e-04,2.467565e-03,2.240681e-02,2.566122e-04,9.959878e-01,38,9.952487e-01,2.598644e-03
sample12-100rpm-60kx-10,7.813106e-09,-8.730261e-08,-2.353679e-06,2.816782e-05,5.433716e-06,2.567851e-04,2.279632e-03,2.239796e-02,1.891253e-04,9.968538e-01,38,9.962743e-01,2.230915e-03
sample12-100rpm-60kx-11,9.097000e-09,-1.261564e-07,-2.065853e-06,2.932955e-05,-1.293344e-05,2.969008e-04,2.435263e-03,2.248408e-02,1.981094e-04,9.967870e-01,38,9.961951e-01,2.283288e-03
sample12-100rpm-60kx-12,6.528777e-09,-5.251239e-08,-2.503159e-06,2.539835e-05,2.946785e-05,2.358762e-04,2.121565e-03,2.245242e-02,1.571702e-04,9.973723e-01,38,9.968882e-01,2.033730e-03
sample12-100rpm-60kx-13,9.395501e-09,-1.323882e-07,-2.092264e-06,3.067932e-05,-2.067649e-05,2.847570e-04,2.454738e-03,2.232849e-02,2.245314e-04,9.962847e-01,38,9.956003e-01,2.430786e-03
sample12-100rpm-60kx-14,8.831754e-09,-1.193782e-07,-2.083565e-06,2.867921e-05,-8.219458e-06,2.890067e-04,2.356302e-03,2.238692e-02,1.894194e-04,9.968559e-01,38,9.962767e-01,2.232649e-03
sample12-100rpm-60kx-15,1.152681e-08,-1.912118e-07,-1.810915e-06,3.487633e-05,-5.964553e-05,3.426321e-04,2.769099e-03,2.246930e-02,2.732653e-04,9.957453e-01,38,9.949615e-01,2.681640e-03
sample12-100rpm-60kx-16,8.532070e-09,-1.110645e-07,-2.125834e-06,2.803974e-05,-2.323601e-06,2.960964e-04,2.383015e-03,2.259313e-02,1.772615e-04,9.971599e-01,38,9.966367e-01,2.159809e-03
sample12-100rpm-60kx-17,7.948204e-09,-8.401202e-08,-2.580382e-06,3.122743e-05,-7.975089e-06,2.673644e-04,2.404529e-03,2.259644e-02,2.136814e-04,9.966296e-01,38,9.960087e-01,2.371328e-03
sample12-100rpm-60kx-18,7.271158e-09,-7.477843e-08,-2.345702e-06,2.620072e-05,1.781288e-05,2.665386e-04,2.216375e-03,2.255360e-02,1.575527e-04,9.974252e-01,38,9.969508e-01,2.036203e-03
sample12-100rpm-60kx-19,7.406498e-09,-7.446242e-08,-2.466771e-06,2.803030e-05,9.998013e-06,2.612587e-04,2.294247e-03,2.257328e-02,1.796175e-04,9.971058e-01,38,9.965727e-01,2.174115e-03
sample12-100rpm-60kx-1,1.524257e-08,-3.025616e-07,-1.017627e-06,3.880545e-05,-1.158790e-04,4.539849e-04,3.171294e-03,2.258531e-02,3.195324e-04,9.952844e-01,38,9.944157e-01,2.899784e-03
sample12-100rpm-60kx-20,9.554455e-09,-1.435931e-07,-1.843456e-06,2.836374e-05,-1.520985e-05,3.400754e-04,2.499225e-03,2.274194e-02,1.724212e-04,9.973183e-01,38,9.968243e-01,2.130117e-03
sample12-100rpm-60kx-21,8.696953e-09,-1.178158e-07,-2.028514e-06,2.755410e-05,-2.817437e-06,3.010365e-04,2.345256e-03,2.251676e-02,1.711068e-04,9.972088e-01,38,9.966946e-01,2.121983e-03
sample12-100rpm-60kx-22,1.006173e-08,-1.436017e-07,-2.252474e-06,3.485828e-05,-4.386555e-05,2.958983e-04,2.619527e-03,2.239946e-02,2.754252e-04,9.956557e-01,38,9.948554e-01,2.692217e-03
sample12-100rpm-60kx-24,7.543290e-09,-7.999062e-08,-2.384415e-06,2.757234e-05,1.075304e-05,2.483356e-04,2.242841e-03,2.237597e-02,1.847974e-04,9.969054e-01,38,9.963354e-01,2.205241e-03
sample12-100rpm-60kx-25,1.400433e-08,-2.594988e-07,-1.481884e-06,3.977442e-05,-1.046044e-04,3.841250e-04,3.038003e-03,2.233082e-02,3.609067e-04,9.945109e-01,38,9.934997e-01,3.081809e-03
sample12-100rpm-60kx-27,9.158317e-09,-1.335999e-07,-1.865982e-06,2.723273e-05,-7.003759e-06,3.433774e-04,2.473870e-03,2.285133e-02,1.565351e-04,9.976060e-01,38,9.971650e-01,2.029617e-03
sample12-100rpm-60kx-28,1.030390e-08,-1.641265e-07,-1.748534e-06,2.991317e-05,-2.904392e-05,3.496074e-04,2.580307e-03,2.266358e-02,1.922422e-04,9.969976e-01,38,9.964445e-01,2.249223e-03
sample12-100rpm-60kx-29,7.671203e-09,-8.677583e-08,-2.256544e-06,2.658097e-05,1.254790e-05,2.609926e-04,2.220718e-03,2.239226e-02,1.690454e-04,9.971635e-01,38,9.966410e-01,2.109162e-03
sample12-100rpm-60kx-2,1.200608e-08,-2.138175e-07,-1.430456e-06,3.227861e-05,-5.698201e-05,3.902260e-04,2.749391e-03,2.259887e-02,2.190656e-04,9.965987e-01,38,9.959722e-01,2.401017e-03
sample12-100rpm-60kx-30,5.102036e-09,-8.245947e-09,-2.863379e-06,2.455838e-05,4.785137e-05,2.036036e-04,2.004381e-03,2.251089e-02,1.484296e-04,9.975271e-01,38,9.970715e-01,1.976371e-03
sample12-100rpm-60kx-31,1.272492e-08,-2.127907e-07,-2.048614e-06,4.185047e-05,-9.930483e-05,3.529381e-04,3.006344e-03,2.244146e-02,3.795447e-04,9.945345e-01,38,9.935277e-01,3.160383e-03
sample12-100rpm-60kx-3,9.823780e-09,-1.508185e-07,-1.814031e-06,2.901762e-05,-2.060413e-05,3.340789e-04,2.494965e-03,2.258558e-02,1.838876e-04,9.970704e-01,38,9.965308e-01,2.199806e-03
sample12-100rpm-60kx-4,7.935371e-09,-9.187884e-08,-2.295520e-06,2.790849e-05,5.285676e-06,2.604072e-04,2.293432e-03,2.240657e-02,1.875639e-04,9.968864e-01,38,9.963128e-01,2.221687e-03
sample12-100rpm-60kx-7,1.156229e-08,-1.870910e-07,-1.977123e-06,3.691215e-05,-6.683194e-05,3.123644e-04,2.762636e-03,2.223695e-02,3.245399e-04,9.948478e-01,38,9.938987e-01,2.922417e-03
sample12-100rpm-60kx-8,1.203436e-08,-2.104682e-07,-1.563418e-06,3.389994e-05,-6.222563e-05,3.559430e-04,2.729715e-03,2.232415e-02,2.607774e-04,9.957973e-01,38,9.950231e-01,2.619649e-03
sample12-100rpm-60kx-9,7.312030e-09,-6.617427e-08,-2.670532e-06,3.004846e-05,4.212790e-06,2.278922e-04,2.277859e-03,2.234259e-02,2.174932e-04,9.963887e-01,38,9.957235e-01,2.392385e-03
sample12-195rpm-60kx-15,1.136464e-08,-1.968626e-07,-1.491722e-06,3.077308e-05,-4.485181e-05,3.816158e-04,2.656484e-03,2.260930e-02,1.973611e-04,9.969120e-01,38,9.963431e-01,2.278972e-03
sample12-195rpm-60kx-17,1.272772e-08,-2.326662e-07,-1.371025e-06,3.412402e-05,-7.169440e-05,4.026463e-04,2.841074e-03,2.257806e-02,2.443491e-04,9.962381e-01,38,9.955451e-01,2.535792e-03
sample12-195rpm-60kx-19,1.814849e-08,-3.731287e-07,-9.633132e-07,4.843320e-05,-1.835873e-04,4.873245e-04,3.581799e-03,2.236907e-02,5.084022e-04,9.931535e-01,38,9.918924e-01,3.657732e-03
sample12-195rpm-60kx-20,1.553190e-08,-3.020157e-07,-1.264334e-06,4.259040e-05,-1.310529e-04,4.077327e-04,3.228873e-03,2.225915e-02,4.246549e-04,9.936866e-01,38,9.925236e-01,3.342922e-03
sample12-195rpm-60kx-21,8.632335e-09,-1.101578e-07,-2.233730e-06,2.965186e-05,-8.519016e-06,2.621565e-04,2.353996e-03,2.227390e-02,2.144636e-04,9.963888e-01,38,9.957236e-01,2.375664e-03
sample12-195rpm-60kx-23,9.513270e-09,-1.268879e-07,-2.375285e-06,3.430437e-05,-3.468503e-05,2.630900e-04,2.546822e-03,2.226222e-02,2.863833e-04,9.953586e-01,38,9.945036e-01,2.745251e-03
sample12-195rpm-60kx-24,9.676474e-09,-1.305718e-07,-2.382694e-06,3.496295e-05,-3.903668e-05,2.684343e-04,2.585168e-03,2.229180e-02,2.939142e-04,9.952976e-01,38,9.944313e-01,2.781112e-03
sample12-195rpm-60kx-25,1.463344e-08,-2.832769e-07,-1.179056e-06,3.858369e-05,-1.075295e-04,4.011436e-04,3.030212e-03,2.219245e-02,3.452793e-04,9.945664e-01,38,9.935654e-01,3.014349e-03
sample12-195rpm-60kx-26,1.119248e-08,-1.743942e-07,-2.114049e-06,3.719507e-05,-6.423274e-05,3.098669e-04,2.760912e-03,2.232786e-02,3.216468e-04,9.949954e-01,38,9.940735e-01,2.909363e-03
sample12-195rpm-60kx-28,1.495869e-08,-2.731974e-07,-1.785795e-06,4.654003e-05,-1.389136e-04,3.673493e-04,3.271835e-03,2.221772e-02,5.133639e-04,9.928265e-01,38,9.915050e-01,3.675538e-03
sample12-195rpm-60kx-29,1.108547e-08,-1.815687e-07,-1.783576e-06,3.308919e-05,-4.881214e-05,3.357374e-04,2.656171e-03,2.239183e-02,2.470833e-04,9.960393e-01,38,9.953097e-01,2.549939e-03
sample12-195rpm-60kx-2,1.002692e-08,-1.538187e-07,-1.874434e-06,3.045696e-05,-2.786507e-05,3.172622e-04,2.492241e-03,2.238554e-02,2.103304e-04,9.965502e-01,38,9.959147e-01,2.352660e-03
sample12-195rpm-60kx-31,9.176904e-09,-1.228348e-07,-2.241796e-06,3.164039e-05,-2.190132e-05,2.718906e-04,2.441034e-03,2.229194e-02,2.389729e-04,9.960361e-01,38,9.953059e-01,2.507740e-03
sample12-195rpm-60kx-36,1.032154e-08,-1.527026e-07,-2.149235e-06,3.456295e-05,-4.497457e-05,2.934809e-04,2.623466e-03,2.230930e-02,2.814787e-04,9.954830e-01,38,9.946509e-01,2.721642e-03
sample12-195rpm-60kx-38,9.496444e-09,-1.357879e-07,-2.058505e-06,3.067324e-05,-2.188755e-05,2.858352e-04,2.452278e-03,2.228613e-02,2.250019e-04,9.962554e-01,38,9.955656e-01,2.433332e-03
sample12-195rpm-60kx-39,1.649847e-08,-3.215478e-07,-1.374850e-06,4.717336e-05,-1.572618e-04,3.945212e-04,3.373504e-03,2.208452e-02,5.475497e-04,9.921643e-01,38,9.907209e-01,3.795946e-03
sample12-195rpm-60kx-42,1.059539e-08,-1.650367e-07,-1.950593e-06,3.325133e-05,-4.353101e-05,3.166124e-04,2.630424e-03,2.239375e-02,2.536029e-04,9.959407e-01,38,9.951929e-01,2.583362e-03
sample12-195rpm-60kx-45,1.051048e-08,-1.657933e-07,-1.855729e-06,3.190467e-05,-3.794676e-05,3.185077e-04,2.570112e-03,2.234495e-02,2.345758e-04,9.961716e-01,38,9.954664e-01,2.484562e-03
sample12-195rpm-60kx-47,1.688571e-08,-3.019343e-07,-2.373018e-06,6.009060e-05,-2.110585e-04,3.716397e-04,3.719652e-03,2.216724e-02,8.334448e-04,9.911913e-01,38,9.895686e-01,4.683242e-03
sample12-195rpm-60kx-49,1.093503e-08,-1.715004e-07,-2.005504e-06,3.512987e-05,-5.453504e-05,3.117618e-04,2.659621e-03,2.226329e-02,2.843860e-04,9.954224e-01,38,9.945792e-01,2.735661e-03
sample12-195rpm-60kx-50,1.098340e-08,-1.817344e-07,-1.696197e-06,3.173058e-05,-4.294742e-05,3.462791e-04,2.636718e-03,2.247032e-02,2.235000e-04,9.964370e-01,38,9.957806e-01,2.425197e-03
sample12-195rpm-60kx-52,9.047294e-09,-1.098283e-07,-2.589815e-06,3.523928e-05,-3.497192e-05,2.727040e-04,2.554611e-03,2.243588e-02,2.734896e-04,9.957539e-01,38,9.949718e-01,2.682740e-03
sample12-195rpm-60kx-6,9.965827e-09,-1.513771e-07,-1.907466e-06,3.059948e-05,-2.727954e-05,3.096477e-04,2.499036e-03,2.236040e-02,2.162676e-04,9.964482e-01,38,9.957939e-01,2.385635e-03
sample12-195rpm-60kx-7,8.534988e-09,-1.120919e-07,-2.093319e-06,2.772731e-05,-1.470825e-06,2.925134e-04,2.349237e-03,2.249814e-02,1.754911e-04,9.971391e-01,38,9.966121e-01,2.148997e-03
sample12-195rpm-60kx-8,1.230645e-08,-2.295904e-07,-1.141589e-06,2.994277e-05,-5.307450e-05,4.654488e-04,2.868094e-03,2.321608e-02,1.649143e-04,9.976816e-01,38,9.972546e-01,2.083231e-03
sample12-195rpm-60kx-9,1.722657e-08,-3.771650e-07,-9.000504e-08,3.500255e-05,-1.274745e-04,6.553716e-04,3.509823e-03,2.388938e-02,1.946764e-04,9.976141e-01,38,9.971746e-01,2.263418e-03
sample12-20rpm-60kx-16,4.455183e-09,1.098617e-08,-3.000932e-06,2.399058e-05,5.597411e-05,1.886546e-04,1.912527e-03,2.242945e-02,1.386492e-04,9.976509e-01,38,9.972181e-01,1.910147e-03
sample12-20rpm-60kx-18,8.594107e-09,-1.103872e-07,-2.196289e-06,2.909336e-05,-6.258136e-06,2.695930e-04,2.354818e-03,2.233382e-02,2.034696e-04,9.966053e-01,38,9.959800e-01,2.313971e-03
sample12-20rpm-60kx-1,1.176613e-08,-1.986975e-07,-1.748009e-06,3.506007e-05,-6.328467e-05,3.393456e-04,2.728888e-03,2.230364e-02,2.816403e-04,9.954835e-01,38,9.946515e-01,2.722423e-03
sample12-20rpm-60kx-20,4.766658e-09,-5.422447e-10,-2.856567e-06,2.334623e-05,5.553110e-05,2.028467e-04,1.946350e-03,2.251867e-02,1.339515e-04,9.977638e-01,38,9.973519e-01,1.877509e-03
sample12-20rpm-60kx-21,7.739512e-09,-8.998615e-08,-2.209057e-06,2.632125e-05,1.115069e-05,2.967307e-04,2.264044e-03,2.266660e-02,1.476502e-04,9.976355e-01,38,9.971999e-01,1.971175e-03
sample12-20rpm-60kx-26,7.675482e-09,-8.035628e-08,-2.477507e-06,2.907295e-05,4.358000e-06,2.372340e-04,2.282015e-03,2.231785e-02,2.095460e-04,9.964836e-01,38,9.958358e-01,2.348269e-03
sample12-20rpm-60kx-27,1.368416e-08,-2.494376e-07,-1.566375e-06,3.958605e-05,-1.000143e-04,3.761367e-04,3.031946e-03,2.237912e-02,3.587567e-04,9.945857e-01,38,9.935883e-01,3.072616e-03
sample12-20rpm-60kx-29,7.268299e-09,-6.853707e-08,-2.551427e-06,2.850693e-05,1.093903e-05,2.244049e-04,2.228170e-03,2.228076e-02,2.049215e-04,9.965252e-01,38,9.958852e-01,2.322212e-03
sample12-20rpm-60kx-34,7.044810e-09,-6.528118e-08,-2.486853e-06,2.702143e-05,1.759301e-05,2.502863e-04,2.216085e-03,2.250496e-02,1.699856e-04,9.972083e-01,38,9.966940e-01,2.115019e-03
sample12-20rpm-60kx-42,5.722479e-09,-2.574469e-08,-2.768965e-06,2.565374e-05,3.668145e-05,2.234671e-04,2.080585e-03,2.255649e-02,1.531995e-04,9.974780e-01,38,9.970134e-01,2.007876e-03
sample12-20rpm-60kx-44,6.156610e-09,-3.808566e-08,-2.697787e-06,2.629767e-05,3.008398e-05,2.341156e-04,2.161769e-03,2.261544e-02,1.625753e-04,9.973683e-01,38,9.968835e-01,2.068405e-03
sample12-20rpm-60kx-6,1.112060e-08,-1.786476e-07,-1.907984e-06,3.458337e-05,-5.355708e-05,3.123885e-04,2.678569e-03,2.226608e-02,2.847652e-04,9.953939e-01,38,9.945454e-01,2.737484e-03
sample12-20rpm-60kx-7,1.053838e-08,-1.631738e-07,-1.966781e-06,3.323973e-05,-4.266879e-05,3.084058e-04,2.609889e-03,2.232639e-02,2.589247e-04,9.958048e-01,38,9.950319e-01,2.610327e-03
sample7-195rpm-60kx-10,1.625577e-08,-3.194410e-07,-1.258287e-06,4.506211e-05,-1.488834e-04,4.349026e-04,3.352871e-03,2.239425e-02,4.545262e-04,9.935806e-01,38,9.923981e-01,3.458499e-03
sample7-195rpm-60kx-11,1.622067e-08,-3.381812e-07,-5.985302e-07,3.749812e-05,-1.234054e-04,5.161901e-04,3.252839e-03,2.278316e-02,2.770744e-04,9.960128e-01,38,9.952783e-01,2.700265e-03
sample7-195rpm-60kx-1,1.287517e-08,-2.350942e-07,-1.407073e-06,3.503845e-05,-7.611978e-05,3.945057e-04,2.885222e-03,2.251597e-02,2.642414e-04,9.959382e-01,38,9.951899e-01,2.636991e-03
sample7-195rpm-60kx-2,1.427831e-08,-2.768387e-07,-1.117323e-06,3.668085e-05,-9.804829e-05,4.272915e-04,2.997047e-03,2.243158e-02,2.886147e-04,9.955575e-01,38,9.947392e-01,2.755925e-03
sample7-195rpm-60kx-3,1.534040e-08,-3.063421e-07,-9.702843e-07,3.874108e-05,-1.175655e-04,4.497131e-04,3.115769e-03,2.239191e-02,3.210563e-04,9.951219e-01,38,9.942233e-01,2.906690e-03
sample7-195rpm-60kx-4,1.138335e-08,-1.903848e-07,-1.722693e-06,3.342999e-05,-5.297180e-05,3.358284e-04,2.683847e-03,2.232640e-02,2.573309e-04,9.958514e-01,38,9.950872e-01,2.602281e-03
sample7-195rpm-60kx-5,1.623614e-08,-3.282594e-07,-9.420722e-07,4.145613e-05,-1.359207e-04,4.475965e-04,3.250751e-03,2.230584e-02,3.867297e-04,9.942069e-01,38,9.931398e-01,3.190156e-03
sample7-195rpm-60kx-6,1.365794e-08,-2.552228e-07,-1.350688e-06,3.715767e-05,-9.207600e-05,3.893222e-04,2.941164e-03,2.229389e-02,3.111507e-04,9.951254e-01,38,9.942275e-01,2.861499e-03
sample7-195rpm-60kx-7,1.511569e-08,-2.988231e-07,-1.042629e-06,3.870562e-05,-1.140670e-04,4.382733e-04,3.121008e-03,2.241990e-02,3.266472e-04,9.950584e-01,38,9.941482e-01,2.931890e-03
sample7-195rpm-60kx-8,1.325964e-08,-2.469922e-07,-1.310111e-06,3.532869e-05,-8.143076e-05,3.905307e-04,2.860526e-03,2.231961e-02,2.774056e-04,9.955960e-01,38,9.947847e-01,2.701879e-03
sample7-195rpm-60kx-9,1.817079e-08,-3.855062e-07,-5.578579e-07,4.395942e-05,-1.683031e-04,5.092031e-04,3.422531e-03,2.229776e-02,4.153713e-04,9.939300e-01,38,9.928118e-01,3.306180e-03
sample7-20rpm-60kx-10,7.422977e-09,-7.485039e-08,-2.470851e-06,2.824228e-05,8.176099e-06,2.611781e-04,2.277178e-03,2.248519e-02,1.778161e-04,9.971057e-01,38,9.965725e-01,2.163185e-03
sample7-20rpm-60kx-11,1.126099e-08,-1.890210e-07,-1.672993e-06,3.237555e-05,-4.810552e-05,3.615839e-04,2.718923e-03,2.262372e-02,2.269310e-04,9.964970e-01,38,9.958517e-01,2.443741e-03
sample7-20rpm-60kx-2,9.215227e-09,-1.275665e-07,-2.114819e-06,3.031770e-05,-1.780305e-05,2.943065e-04,2.468739e-03,2.245936e-02,2.115355e-04,9.965842e-01,38,9.959550e-01,2.359390e-03
sample7-20rpm-60kx-3,1.054904e-08,-1.694227e-07,-1.766913e-06,3.103415e-05,-3.591492e-05,3.429818e-04,2.594114e-03,2.252880e-02,2.097710e-04,9.966741e-01,38,9.960614e-01,2.349530e-03
sample7-20rpm-60kx-5,9.510254e-09,-1.376716e-07,-2.007630e-06,3.010238e-05,-2.004554e-05,3.035705e-04,2.494470e-03,2.247186e-02,2.089577e-04,9.966342e-01,38,9.960142e-01,2.344971e-03
sample7-20rpm-60kx-6,1.018091e-08,-1.589402e-07,-1.826266e-06,3.033254e-05,-2.862701e-05,3.417341e-04,2.608960e-03,2.268893e-02,2.008686e-04,9.968963e-01,38,9.963246e-01,2.299134e-03
sample7-20rpm-60kx-7,1.058894e-08,-1.715455e-07,-1.726099e-06,3.066004e-05,-3.469663e-05,3.498922e-04,2.615135e-03,2.261273e-02,2.036905e-04,9.968131e-01,38,9.962260e-01,2.315227e-03
sample7-20rpm-60kx-8,9.660264e-09,-1.432056e-07,-1.942613e-06,2.992179e-05,-2.193009e-05,3.219389e-04,2.499693e-03,2.255620e-02,1.964861e-04,9.968692e-01,38,9.962925e-01,2.273914e-03
sample7-20rpm-60kx-9,9.448972e-09,-1.350787e-07,-2.049001e-06,3.034153e-05,-2.046269e-05,3.128826e-04,2.536956e-03,2.261391e-02,2.053809e-04,9.967822e-01,38,9.961895e-01,2.324814e-03
sample7-20rpm-60kx,1.246875e-08,-2.212422e-07,-1.548516e-06,3.517892e-05,-7.136490e-05,3.740249e-04,2.855252e-03,2.249606e-02,2.735606e-04,9.957768e-01,38,9.949989e-01,2.683088e-03
sample8-195rpm-60kx-10,2.499406e-08,-5.655254e-07,4.549635e-08,6.059619e-05,-3.062438e-04,7.671757e-04,4.825736e-03,2.378556e-02,6.522507e-04,9.937902e-01,38,9.926463e-01,4.143005e-03
sample8-195rpm-60kx-1,1.330515e-08,-2.460085e-07,-1.395067e-06,3.639113e-05,-8.755109e-05,4.584078e-04,3.104813e-03,2.309660e-02,2.433530e-04,9.966592e-01,38,9.960438e-01,2.530618e-03
sample8-195rpm-60kx-2,1.963988e-08,-4.386495e-07,6.091811e-08,4.182186e-05,-1.772287e-04,6.311432e-04,3.734108e-03,2.314779e-02,3.258873e-04,9.957533e-01,38,9.949710e-01,2.928478e-03
sample8-195rpm-60kx-3,1.768091e-08,-3.719345e-07,-6.339016e-07,4.299755e-05,-1.598764e-04,5.492478e-04,3.569703e-03,2.292736e-02,3.531804e-04,9.953093e-01,38,9.944452e-01,3.048643e-03
sample8-195rpm-60kx-4,3.077230e-08,-7.562074e-07,1.890255e-06,6.001877e-05,-3.684627e-04,8.802390e-04,4.952307e-03,2.281324e-02,7.301438e-04,9.918349e-01,38,9.903309e-01,4.383413e-03
sample8-195rpm-60kx-5,1.581710e-08,-3.275903e-07,-6.351137e-07,3.647152e-05,-1.152778e-04,5.204605e-04,3.245795e-03,2.293763e-02,2.550192e-04,9.964024e-01,38,9.957396e-01,2.590566e-03
sample8-195rpm-60kx-6,1.667114e-08,-3.545103e-07,-4.095825e-07,3.679710e-05,-1.262707e-04,5.734848e-04,3.406783e-03,2.328214e-02,2.440039e-04,9.967550e-01,38,9.961572e-01,2.534000e-03
sample8-195rpm-60kx-7,2.126880e-08,-4.882112e-07,4.287539e-07,4.328337e-05,-2.015745e-04,7.088888e-04,4.004004e-03,2.350669e-02,3.271577e-04,9.960343e-01,38,9.953038e-01,2.934180e-03
sample8-195rpm-60kx-8,2.219750e-08,-5.160755e-07,6.276277e-07,4.432243e-05,-2.162146e-04,7.304276e-04,4.075983e-03,2.341739e-02,3.463129e-04,9.957876e-01,38,9.950117e-01,3.018857e-03
sample8-195rpm-60kx-9,2.994690e-08,-7.329288e-07,1.759509e-06,5.847860e-05,-3.541833e-04,9.088278e-04,4.996484e-03,2.340625e-02,6.324937e-04,9.932951e-01,38,9.920600e-01,4.079776e-03
sample8-20rpm-60kx-10,1.293194e-08,-2.183743e-07,-2.026957e-06,4.232481e-05,-1.029972e-04,3.545284e-04,3.059474e-03,2.243209e-02,3.944582e-04,9.943800e-01,38,9.933447e-01,3.221875e-03
sample8-20rpm-60kx-1,9.295062e-09,-1.304337e-07,-2.094033e-06,3.042068e-05,-2.136325e-05,3.474516e-04,2.592857e-03,2.291311e-02,1.806953e-04,9.973202e-01,38,9.968265e-01,2.180628e-03
sample8-20rpm-60kx-2a,9.067081e-09,-1.220154e-07,-2.188753e-06,3.061695e-05,-1.765148e-05,3.088258e-04,2.535221e-03,2.269302e-02,2.049775e-04,9.968380e-01,38,9.962556e-01,2.322530e-03
sample8-20rpm-60kx-2b,3.520556e-09,4.222304e-08,-3.322520e-06,2.450693e-05,6.261442e-05,1.870850e-04,1.915446e-03,2.263917e-02,1.321410e-04,9.978610e-01,38,9.974670e-01,1.864778e-03
sample8-20rpm-60kx-3,1.727564e-08,-3.568368e-07,-8.093504e-07,4.355560e-05,-1.552895e-04,4.795349e-04,3.410221e-03,2.241036e-02,4.157582e-04,9.940213e-01,38,9.929199e-01,3.307719e-03
sample8-20rpm-60kx-4,8.972490e-09,-1.204509e-07,-2.164862e-06,3.009174e-05,-1.503252e-05,2.970246e-04,2.453397e-03,2.250646e-02,2.016481e-04,9.967709e-01,38,9.961761e-01,2.303590e-03
sample8-20rpm-60kx-5,1.297143e-08,-2.327264e-07,-1.564789e-06,3.715327e-05,-8.428204e-05,3.781470e-04,2.933622e-03,2.244532e-02,3.050664e-04,9.953463e-01,38,9.944891e-01,2.833384e-03
sample8-20rpm-60kx-6,1.947649e-08,-4.150729e-07,-6.026303e-07,4.891133e-05,-1.992776e-04,5.169754e-04,3.686532e-03,2.231624e-02,5.314223e-04,9.927779e-01,38,9.914475e-01,3.739625e-03
sample8-20rpm-60kx-7,1.322921e-08,-2.340693e-07,-1.727401e-06,3.990952e-05,-9.708899e-05,3.694560e-04,3.001870e-03,2.240139e-02,3.540881e-04,9.947181e-01,38,9.937452e-01,3.052558e-03
sample8-20rpm-60kx-8,1.282986e-08,-2.352962e-07,-1.362651e-06,3.441879e-05,-7.359681e-05,3.899844e-04,2.817135e-03,2.240990e-02,2.577088e-04,9.959336e-01,38,9.951845e-01,2.604191e-03
sample8-20rpm-60kx-9,1.590073e-08,-3.265476e-07,-7.382679e-07,3.806826e-05,-1.221868e-04,4.906677e-04,3.197341e-03,2.257863e-02,2.937336e-04,9.956640e-01,38,9.948653e-01,2.780257e-03
sample9-195rpm-60kx-10,1.859325e-08,-4.131882e-07,3.316286e-08,3.858349e-05,-1.556734e-04,6.364446e-04,3.585063e-03,2.327389e-02,2.599004e-04,9.966004e-01,38,9.959742e-01,2.615241e-03
sample9-195rpm-60kx-11,1.692387e-08,-3.611568e-07,-3.873902e-07,3.756786e-05,-1.324145e-04,5.579269e-04,3.350193e-03,2.295720e-02,2.642380e-04,9.963180e-01,38,9.956398e-01,2.636974e-03
sample9-195rpm-60kx-13,1.712138e-08,-3.685495e-07,-2.965064e-07,3.719748e-05,-1.335180e-04,5.785775e-04,3.399730e-03,2.310432e-02,2.516041e-04,9.965760e-01,38,9.959453e-01,2.573162e-03
sample9-195rpm-60kx-2,1.463464e-08,-2.908044e-07,-9.322395e-07,3.575127e-05,-9.920384e-05,4.734158e-04,3.087780e-03,2.278698e-02,2.531811e-04,9.963018e-01,38,9.956206e-01,2.581213e-03
sample9-195rpm-60kx-2b,1.421427e-08,-2.784110e-07,-1.015876e-06,3.524347e-05,-9.276834e-05,4.641153e-04,3.048440e-03,2.279821e-02,2.453828e-04,9.964110e-01,38,9.957498e-01,2.541150e-03
sample9-195rpm-60kx-2c,1.490353e-08,-3.026784e-07,-7.474278e-07,3.445754e-05,-9.758846e-05,5.221533e-04,3.212420e-03,2.324153e-02,2.186384e-04,9.970287e-01,38,9.964814e-01,2.398675e-03
sample9-195rpm-60kx-3,1.575276e-08,-3.282539e-07,-5.638643e-07,3.538916e-05,-1.111438e-04,5.488945e-04,3.295603e-03,2.322896e-02,2.264444e-04,9.969422e-01,38,9.963789e-01,2.441119e-03
sample9-195rpm-60kx-4,1.715204e-08,-3.675822e-07,-3.524542e-07,3.789424e-05,-1.357174e-04,5.705237e-04,3.425111e-03,2.309436e-02,2.659646e-04,9.963887e-01,38,9.957235e-01,2.645575e-03
sample9-195rpm-60kx-5,1.896926e-08,-4.218044e-07,2.603507e-08,3.995200e-05,-1.639078e-04,6.244586e-04,3.632840e-03,2.313291e-02,2.919930e-04,9.961380e-01,38,9.954266e-01,2.772008e-03
sample9-195rpm-60kx-6,1.894167e-08,-4.233210e-07,9.725892e-08,3.910825e-05,-1.616714e-04,6.401114e-04,3.597066e-03,2.318771e-02,2.701194e-04,9.964301e-01,38,9.957725e-01,2.666159e-03
sample9-195rpm-60kx-7,1.946945e-08,-4.379361e-07,1.691930e-07,4.005709e-05,-1.705999e-04,6.602752e-04,3.711444e-03,2.333667e-02,2.797499e-04,9.964159e-01,38,9.957557e-01,2.713271e-03
sample9-195rpm-60kx-8,1.671586e-08,-3.545334e-07,-4.449148e-07,3.750592e-05,-1.297647e-04,5.474568e-04,3.324445e-03,2.291078e-02,2.658665e-04,9.962673e-01,38,9.955797e-01,2.645087e-03
sample9-20rpm-60kx-10,1.385891e-08,-2.666203e-07,-1.126938e-06,3.531983e-05,-8.853621e-05,4.245492e-04,2.941470e-03,2.247705e-02,2.652273e-04,9.959022e-01,38,9.951474e-01,2.641906e-03
sample9-20rpm-60kx-2,1.601456e-08,-3.318457e-07,-6.484290e-07,3.738624e-05,-1.208278e-04,5.049483e-04,3.212674e-03,2.269745e-02,2.787937e-04,9.959313e-01,38,9.951818e-01,2.708630e-03
sample9-20rpm-60kx-5,1.590754e-08,-3.325298e-07,-5.425605e-07,3.579803e-05,-1.148058e-04,5.357273e-04,3.227233e-03,2.296362e-02,2.384532e-04,9.966374e-01,38,9.960180e-01,2.505012e-03
sample9-20rpm-60kx-6,1.446793e-08,-2.825592e-07,-1.075601e-06,3.688286e-05,-1.008660e-04,4.288433e-04,3.011005e-03,2.238649e-02,2.940626e-04,9.954562e-01,38,9.946191e-01,2.781814e-03
sample9-20rpm-60kx-7,1.532712e-08,-3.111206e-07,-7.988058e-07,3.673923e-05,-1.107766e-04,4.756548e-04,3.107621e-03,2.255797e-02,2.764768e-04,9.958470e-01,38,9.950820e-01,2.697351e-03
sample9-20rpm-60kx-9,1.643859e-08,-3.395545e-07,-7.245200e-07,3.969876e-05,-1.329483e-04,4.886558e-04,3.268605e-03,2.254526e-02,3.309515e-04,9.951358e-01,38,9.942398e-01,2.951144e-03
sample9-20rpm-60kx,1.526143e-08,-3.124087e-07,-7.050768e-07,3.541667e-05,-1.058866e-04,5.033774e-04,3.135387e-03,2.281132e-02,2.418433e-04,9.964916e-01,38,9.958453e-01,2.522756e-03
