sample_name,a1,a2,a3,a4,a5,a6,a7,SSE,R_square,DFE,adj_R_square,RMSE
sample10-195rpm-60kx-10,6.559705e-03,6.634896e-01,1.422005e+00,-1.018174e-04,1.759194e-03,2.579946e-03,1.752683e-02,3.136238e-04,9.956933e-01,39,9.950307e-01,2.835778e-03
sample10-195rpm-60kx-11,7.277436e-03,6.553359e-01,1.504133e+00,-9.452324e-05,1.606778e-03,2.817266e-03,1.606004e-02,1.952823e-04,9.969778e-01,39,9.965129e-01,2.237686e-03
sample10-195rpm-60kx-2,7.111487e-03,6.445132e-01,1.558006e+00,-9.679319e-05,1.643734e-03,2.981880e-03,1.661381e-02,1.854254e-04,9.973059e-01,39,9.968915e-01,2.180481e-03
sample10-195rpm-60kx-3,6.786124e-03,6.482839e-01,1.530906e+00,-9.849488e-05,1.683377e-03,2.799551e-03,1.697816e-02,2.326371e-04,9.966484e-01,39,9.961327e-01,2.442346e-03
sample10-195rpm-60kx-4,-1.807358e-03,2.721265e-01,2.384822e+00,-8.095926e-05,1.435013e-03,2.815057e-03,2.127385e-02,1.361419e-03,9.805654e-01,39,9.775754e-01,5.908314e-03
sample10-195rpm-60kx-5,6.822230e-03,6.748645e-01,1.348553e+00,-1.013276e-04,1.751666e-03,2.406825e-03,1.694015e-02,2.896449e-04,9.958706e-01,39,9.952353e-01,2.725214e-03
sample10-195rpm-60kx-6,7.952778e-03,-6.921719e-01,8.262757e+00,-1.103738e-04,1.902055e-03,1.635371e-03,1.492432e-02,6.794309e-04,9.902817e-01,39,9.887865e-01,4.173884e-03
sample10-195rpm-60kx-7,6.957050e-03,6.312297e-01,1.631702e+00,-9.872308e-05,1.672980e-03,3.116468e-03,1.706033e-02,2.075131e-04,9.971203e-01,39,9.966772e-01,2.306697e-03
sample10-195rpm-60kx-9,6.866808e-03,7.018561e-01,1.160638e+00,-1.052354e-04,1.839210e-03,1.862049e-03,1.687819e-02,4.195261e-04,9.940699e-01,39,9.931576e-01,3.279799e-03
sample10-20rpm-60kx-11,-9.399209e-04,-2.305592e+00,1.542699e+01,-8.808091e-05,1.453160e-03,3.424685e-03,1.596106e-02,1.290955e-03,9.788162e-01,39,9.755572e-01,5.753384e-03
sample10-20rpm-60kx-12,7.351004e-03,6.254923e-01,1.692148e+00,-9.392639e-05,1.575749e-03,3.322508e-03,1.652316e-02,1.354093e-04,9.980157e-01,39,9.977104e-01,1.863339e-03
sample10-20rpm-60kx-13,-1.629187e-03,-1.748386e+00,5.902320e+00,-8.739327e-05,1.449195e-03,3.672678e-03,1.630227e-02,1.336340e-03,9.795853e-01,39,9.764446e-01,5.853642e-03
sample10-20rpm-60kx-1,-1.194324e-04,-3.129659e-01,-3.610833e+00,-8.552970e-05,1.407782e-03,3.690257e-03,1.590232e-02,1.414803e-03,9.774292e-01,39,9.739567e-01,6.023039e-03
sample10-20rpm-60kx-2,-2.888694e-03,-1.109569e+00,9.515070e+00,-9.006745e-05,1.513335e-03,3.110824e-03,1.594073e-02,1.199663e-03,9.806800e-01,39,9.777076e-01,5.546222e-03
sample10-20rpm-60kx-3,7.361345e-03,6.440116e-01,1.588312e+00,-9.225380e-05,1.557408e-03,3.027117e-03,1.602297e-02,1.601189e-04,9.974927e-01,39,9.971069e-01,2.026231e-03
sample10-20rpm-60kx-4,-1.512296e-03,-1.754016e+00,5.962099e+00,-8.633214e-05,1.431637e-03,3.567471e-03,1.628944e-02,1.275841e-03,9.797077e-01,39,9.765858e-01,5.719603e-03
sample10-20rpm-60kx-5,2.068847e-04,-2.762837e-01,-7.140795e-02,-7.683647e-05,1.306303e-03,3.517528e-03,1.735899e-02,1.474115e-03,9.763563e-01,39,9.727188e-01,6.147994e-03
sample10-20rpm-60kx-7,2.032800e-03,-1.418255e+00,4.567564e+00,-8.375606e-05,1.391936e-03,3.504030e-03,1.625684e-02,1.220566e-03,9.797812e-01,39,9.766706e-01,5.594332e-03
sample10-20rpm-60kx-9,2.059307e-03,-1.429455e+00,4.654634e+00,-8.422115e-05,1.401284e-03,3.568635e-03,1.643515e-02,1.217904e-03,9.803505e-01,39,9.773275e-01,5.588230e-03
sample11-100rpm-60kx-10,1.337001e-03,-1.986374e+00,1.414997e+01,-9.639238e-05,1.592996e-03,2.973296e-03,1.493764e-02,1.500125e-03,9.756969e-01,39,9.719580e-01,6.201994e-03
sample11-100rpm-60kx-11,9.456758e-04,-2.461067e+00,1.748458e+01,-9.386742e-05,1.547920e-03,3.027745e-03,1.500885e-02,1.456407e-03,9.755958e-01,39,9.718413e-01,6.110954e-03
sample11-100rpm-60kx-13,1.818842e-03,-1.767293e+00,1.523117e+01,-9.637366e-05,1.602543e-03,2.926975e-03,1.507394e-02,1.474110e-03,9.763955e-01,39,9.727640e-01,6.147984e-03
sample11-100rpm-60kx-16,1.120394e-03,2.903057e+00,-1.107202e+01,-9.296598e-05,1.525271e-03,3.154544e-03,1.459874e-02,1.660157e-03,9.722446e-01,39,9.679745e-01,6.524425e-03
sample11-100rpm-60kx-17,-1.216352e-03,-2.570126e+00,1.982402e+01,-9.861992e-05,1.627907e-03,2.895221e-03,1.466835e-02,1.581192e-03,9.745895e-01,39,9.706802e-01,6.367369e-03
sample11-100rpm-60kx-18,-7.750535e-03,-6.753986e-01,1.121881e+01,-9.913704e-05,1.691987e-03,2.238499e-03,1.487910e-02,4.241241e-04,9.932172e-01,39,9.921737e-01,3.297723e-03
sample11-100rpm-60kx-1,7.447764e-03,6.741121e-01,1.380085e+00,-9.623005e-05,1.645608e-03,2.359257e-03,1.535141e-02,3.151107e-04,9.948864e-01,39,9.940997e-01,2.842492e-03
sample11-100rpm-60kx-21,2.988417e-03,1.421721e+00,4.825956e+00,-9.927559e-05,1.654862e-03,2.806460e-03,1.440963e-02,1.793795e-03,9.721415e-01,39,9.678556e-01,6.781943e-03
sample11-100rpm-60kx-25,7.555135e-03,-6.970087e-01,8.256168e+00,-1.064086e-04,1.843690e-03,1.763755e-03,1.553994e-02,5.160013e-04,9.924708e-01,39,9.913125e-01,3.637417e-03
sample11-100rpm-60kx-27,-2.896039e-03,-1.109457e+00,9.544322e+00,-8.849565e-05,1.485355e-03,3.074471e-03,1.581856e-02,1.183418e-03,9.802633e-01,39,9.772269e-01,5.508544e-03
sample11-100rpm-60kx-2,-1.361360e-04,-9.508290e-03,-1.386853e+01,-9.292012e-05,1.530176e-03,3.165552e-03,1.486780e-02,1.527509e-03,9.748015e-01,39,9.709248e-01,6.258346e-03
sample11-100rpm-60kx-31,7.355080e-03,6.627209e-01,1.452158e+00,-9.507950e-05,1.620491e-03,2.676173e-03,1.581199e-02,2.290628e-04,9.964148e-01,39,9.958632e-01,2.423511e-03
sample11-100rpm-60kx-33,-4.299938e-04,4.749692e+00,-7.355857e+00,-8.963909e-05,1.474447e-03,3.437306e-03,1.530722e-02,1.530902e-03,9.752402e-01,39,9.714310e-01,6.265293e-03
sample11-100rpm-60kx-3,-1.132707e-03,2.578695e+00,-2.295234e+01,-9.244011e-05,1.519243e-03,3.227395e-03,1.503583e-02,1.506078e-03,9.752142e-01,39,9.714010e-01,6.214288e-03
sample11-100rpm-60kx-4,-2.934812e-03,-1.113403e+00,9.543174e+00,-9.196341e-05,1.548609e-03,2.991832e-03,1.579355e-02,1.216263e-03,9.805619e-01,39,9.775714e-01,5.584463e-03
sample11-100rpm-60kx-5,-1.297631e-03,-2.160063e+00,1.620229e+01,-9.689278e-05,1.603738e-03,2.848871e-03,1.489232e-02,1.458610e-03,9.759598e-01,39,9.722613e-01,6.115575e-03
sample11-100rpm-60kx-6,-2.936459e-03,-1.111214e+00,9.533387e+00,-9.418857e-05,1.588591e-03,2.947995e-03,1.584717e-02,1.217579e-03,9.810606e-01,39,9.781469e-01,5.587485e-03
sample11-100rpm-60kx-8,-1.572768e-03,2.552922e+00,-1.033682e+01,-1.056244e-04,1.740549e-03,2.546428e-03,1.371318e-02,1.994843e-03,9.686199e-01,39,9.637922e-01,7.151910e-03
sample11-195rpm-60kx-11,-3.182097e-03,1.122196e+00,-2.038068e-01,-9.639066e-05,1.625525e-03,2.602280e-03,1.526647e-02,1.288468e-03,9.790670e-01,39,9.758466e-01,5.747837e-03
sample11-195rpm-60kx-12,6.740162e-03,6.867454e-01,1.217240e+00,-1.091080e-04,1.903775e-03,2.426793e-03,1.795501e-02,3.880242e-04,9.952895e-01,39,9.945648e-01,3.154257e-03
sample11-195rpm-60kx-13,6.530689e-03,6.876012e-01,1.234185e+00,-1.065266e-04,1.861068e-03,2.349445e-03,1.798593e-02,4.081919e-04,9.948037e-01,39,9.940043e-01,3.235191e-03
sample11-195rpm-60kx-14,2.285587e-03,-1.443239e+00,1.110308e+01,-9.337158e-05,1.564730e-03,3.017479e-03,1.581167e-02,1.246847e-03,9.802032e-01,39,9.771576e-01,5.654240e-03
sample11-195rpm-60kx-19,-2.952453e-03,-1.107461e+00,9.520139e+00,-8.963754e-05,1.505251e-03,3.072311e-03,1.577100e-02,1.203660e-03,9.802681e-01,39,9.772324e-01,5.555454e-03
sample11-195rpm-60kx-1,7.408781e-03,6.618607e-01,1.455357e+00,-9.509501e-05,1.618677e-03,2.683576e-03,1.571392e-02,2.312322e-04,9.963698e-01,39,9.958113e-01,2.434960e-03
sample11-195rpm-60kx-22,1.726040e-03,-1.774244e+00,1.537613e+01,-9.501943e-05,1.582398e-03,2.935651e-03,1.528987e-02,1.379111e-03,9.776522e-01,39,9.742141e-01,5.946580e-03
sample11-195rpm-60kx-24,6.684760e-03,6.563531e-01,1.438670e+00,-1.055950e-04,1.820991e-03,2.815069e-03,1.787100e-02,3.010241e-04,9.962322e-01,39,9.956525e-01,2.778231e-03
sample11-195rpm-60kx-25,-7.797925e-03,6.624405e-01,-7.962492e+00,-9.325569e-05,1.577635e-03,2.681964e-03,1.491762e-02,3.317909e-04,9.945313e-01,39,9.936899e-01,2.916755e-03
sample11-195rpm-60kx-26,-1.309355e-03,-2.164133e+00,1.604257e+01,-9.701395e-05,1.603512e-03,2.904031e-03,1.486818e-02,1.488880e-03,9.756886e-01,39,9.719483e-01,6.178707e-03
sample11-195rpm-60kx-31,7.453222e-03,6.777007e-01,1.344268e+00,-9.822689e-05,1.684374e-03,2.301188e-03,1.547335e-02,3.341833e-04,9.947424e-01,39,9.939335e-01,2.927252e-03
sample11-195rpm-60kx-4,-3.034240e-03,-1.105174e+00,9.482938e+00,-8.967174e-05,1.504719e-03,3.113594e-03,1.570983e-02,1.239984e-03,9.798340e-01,39,9.767315e-01,5.638658e-03
sample11-195rpm-60kx-6,7.254227e-03,-6.685900e-01,8.008828e+00,-9.628698e-05,1.647757e-03,2.478265e-03,1.580696e-02,2.511438e-04,9.960324e-01,39,9.954220e-01,2.537633e-03
sample11-195rpm-60kx-7,7.386033e-03,6.760025e-01,1.361295e+00,-9.749848e-05,1.671078e-03,2.303555e-03,1.547895e-02,3.208576e-04,9.948815e-01,39,9.940940e-01,2.868295e-03
sample11-195rpm-60kx-8,6.871524e-03,6.280506e-01,1.631602e+00,-1.018775e-04,1.729854e-03,3.158035e-03,1.742358e-02,2.507980e-04,9.967172e-01,39,9.962121e-01,2.535886e-03
sample11-20rpm-60kx-10,1.743825e-03,-1.761900e+00,1.544802e+01,-9.909404e-05,1.652957e-03,2.744684e-03,1.493777e-02,1.486139e-03,9.764614e-01,39,9.728400e-01,6.173017e-03
sample11-20rpm-60kx-12,7.535742e-03,-6.950844e-01,8.225072e+00,-1.036403e-04,1.792785e-03,1.803724e-03,1.529833e-02,4.926502e-04,9.924813e-01,39,9.913245e-01,3.554161e-03
sample11-20rpm-60kx-13,-1.238233e-03,-2.555891e+00,1.988715e+01,-9.860066e-05,1.627687e-03,2.919594e-03,1.471032e-02,1.574427e-03,9.748338e-01,39,9.709621e-01,6.353732e-03
sample11-20rpm-60kx-19,7.453735e-03,-6.945340e-01,8.227301e+00,-1.047314e-04,1.814117e-03,1.831515e-03,1.564292e-02,4.298687e-04,9.936126e-01,39,9.926299e-01,3.319981e-03
sample11-20rpm-60kx-20,-3.015830e-03,-5.646884e-02,-2.412841e-01,-1.021798e-04,1.761772e-03,1.567853e-03,1.451804e-02,2.781025e-03,9.590358e-01,39,9.527336e-01,8.444426e-03
sample11-20rpm-60kx-21,-2.029732e-03,2.018262e+00,-7.258768e+00,-1.148112e-04,1.907100e-03,2.035351e-03,1.278115e-02,2.659344e-03,9.611993e-01,39,9.552299e-01,8.257621e-03
sample11-20rpm-60kx-22,8.554874e-03,-6.736851e-01,1.969819e+00,-1.148369e-04,1.947826e-03,1.511688e-03,1.349464e-02,1.065033e-03,9.845644e-01,39,9.821897e-01,5.225758e-03
sample11-20rpm-60kx-23,8.346413e-03,6.799194e-01,-5.089992e+00,-1.125792e-04,1.921497e-03,1.583704e-03,1.397836e-02,8.719077e-04,9.873577e-01,39,9.854127e-01,4.728278e-03
sample11-20rpm-60kx-26,8.036231e-03,-6.868353e-01,8.216163e+00,-1.066990e-04,1.830276e-03,1.780623e-03,1.448082e-02,6.809744e-04,9.897403e-01,39,9.881619e-01,4.178622e-03
sample11-20rpm-60kx-27,7.445096e-03,-6.868940e-01,8.165444e+00,-1.029462e-04,1.776438e-03,1.975016e-03,1.548898e-02,4.176928e-04,9.936683e-01,39,9.926942e-01,3.272625e-03
sample11-20rpm-60kx-29,2.150334e-03,-1.769341e+00,2.705077e+00,-1.029946e-04,1.715026e-03,2.547547e-03,1.418513e-02,1.785390e-03,9.720108e-01,39,9.677048e-01,6.766035e-03
sample11-20rpm-60kx-2,2.695803e-03,-1.440283e+00,1.110278e+01,-1.054292e-04,1.776338e-03,2.313167e-03,1.481024e-02,1.532250e-03,9.768269e-01,39,9.732618e-01,6.268051e-03
sample11-20rpm-60kx-4,-9.970994e-06,1.681011e+00,-2.671787e+00,-1.062580e-04,1.769735e-03,2.286181e-03,1.370391e-02,2.675747e-03,9.595979e-01,39,9.533822e-01,8.283049e-03
sample11-20rpm-60kx-6,4.509627e-03,2.151206e-01,1.601499e+00,-1.402170e-04,2.430026e-03,2.818143e-04,8.946384e-03,4.642132e-03,9.477429e-01,39,9.397033e-01,1.091004e-02
sample11-20rpm-60kx-7,7.611157e-03,6.812972e-01,1.295645e+00,-1.016451e-04,1.744989e-03,2.091276e-03,1.516487e-02,4.300836e-04,9.933536e-01,39,9.923310e-01,3.320811e-03
sample11-20rpm-60kx-8,1.128493e-03,2.884594e+00,-1.094514e+01,-9.516337e-05,1.564803e-03,3.141283e-03,1.456231e-02,1.713939e-03,9.723383e-01,39,9.680826e-01,6.629264e-03
sample11-20rpm-60kx-9,-5.392915e-04,4.769593e+00,4.921183e+00,-1.031331e-04,1.707078e-03,2.683114e-03,1.411482e-02,1.848876e-03,9.710925e-01,39,9.666452e-01,6.885279e-03
sample12-100rpm-60kx-10,1.634852e-03,-1.746841e+00,1.537476e+01,-8.834223e-05,1.462810e-03,3.299171e-03,1.562363e-02,1.342670e-03,9.776641e-01,39,9.742278e-01,5.867491e-03
sample12-100rpm-60kx-11,-1.563582e-03,-1.755833e+00,1.226041e+01,-8.930320e-05,1.483608e-03,3.304793e-03,1.592584e-02,1.281395e-03,9.792180e-01,39,9.760207e-01,5.732041e-03
sample12-100rpm-60kx-12,3.920208e-04,6.276581e+00,-1.906824e+01,-8.535702e-05,1.400849e-03,3.562978e-03,1.571030e-02,1.394061e-03,9.766927e-01,39,9.731069e-01,5.978724e-03
sample12-100rpm-60kx-13,-2.925445e-03,-1.110397e+00,9.552493e+00,-8.953518e-05,1.503240e-03,3.041379e-03,1.577968e-02,1.198437e-03,9.801696e-01,39,9.771188e-01,5.543388e-03
sample12-100rpm-60kx-14,-1.406681e-03,-1.758159e+00,1.223873e+01,-8.780745e-05,1.456590e-03,3.306930e-03,1.592727e-02,1.268862e-03,9.789388e-01,39,9.756986e-01,5.703939e-03
sample12-100rpm-60kx-15,7.441759e-03,6.757255e-01,1.355743e+00,-9.777894e-05,1.675046e-03,2.403895e-03,1.564310e-02,3.046236e-04,9.952570e-01,39,9.945273e-01,2.794792e-03
sample12-100rpm-60kx-16,1.477024e-03,-1.750955e+00,9.088012e+00,-8.765733e-05,1.455284e-03,3.449962e-03,1.614659e-02,1.275887e-03,9.795574e-01,39,9.764124e-01,5.719708e-03
sample12-100rpm-60kx-17,7.872030e-04,-3.233374e+00,1.833133e+01,-9.787820e-05,1.618584e-03,3.000354e-03,1.493044e-02,1.582447e-03,9.750401e-01,39,9.712001e-01,6.369894e-03
sample12-100rpm-60kx-18,1.151087e-03,-2.053441e+00,7.237336e+00,-8.592084e-05,1.418595e-03,3.541163e-03,1.599586e-02,1.327773e-03,9.783005e-01,39,9.749621e-01,5.834848e-03
sample12-100rpm-60kx-19,2.356658e-03,-1.420859e+00,1.090038e+01,-8.878854e-05,1.477775e-03,3.323980e-03,1.577273e-02,1.317694e-03,9.787681e-01,39,9.755016e-01,5.812661e-03
sample12-100rpm-60kx-1,7.088875e-03,6.800111e-01,1.315517e+00,-1.011313e-04,1.745496e-03,2.272905e-03,1.636225e-02,2.959263e-04,9.956328e-01,39,9.949609e-01,2.754606e-03
sample12-100rpm-60kx-20,7.482624e-03,6.395426e-01,1.618544e+00,-9.134383e-05,1.536069e-03,3.168587e-03,1.597773e-02,1.519351e-04,9.976369e-01,39,9.972733e-01,1.973771e-03
sample12-100rpm-60kx-21,1.434610e-03,-1.751466e+00,9.085682e+00,-8.612786e-05,1.429165e-03,3.468560e-03,1.625091e-02,1.243000e-03,9.797235e-01,39,9.766040e-01,5.645510e-03
sample12-100rpm-60kx-22,-7.711815e-03,-6.811929e-01,1.125924e+01,-9.944991e-05,1.702436e-03,2.213403e-03,1.512628e-02,4.187483e-04,9.933950e-01,39,9.923789e-01,3.276757e-03
sample12-100rpm-60kx-24,-1.040670e-03,-2.164482e+00,1.594582e+01,-8.840257e-05,1.452478e-03,3.382504e-03,1.551334e-02,1.375437e-03,9.769674e-01,39,9.734239e-01,5.938654e-03
sample12-100rpm-60kx-25,7.437532e-03,-6.872626e-01,8.162429e+00,-1.032104e-04,1.780477e-03,1.945534e-03,1.552777e-02,4.180360e-04,9.936420e-01,39,9.926638e-01,3.273969e-03
sample12-100rpm-60kx-27,7.559192e-03,6.309834e-01,1.671699e+00,-9.089124e-05,1.520745e-03,3.343219e-03,1.603082e-02,1.363959e-04,9.979140e-01,39,9.975931e-01,1.870115e-03
sample12-100rpm-60kx-28,2.051189e-03,-1.433608e+00,4.716830e+00,-8.886075e-05,1.487665e-03,3.368505e-03,1.654366e-02,1.167799e-03,9.817613e-01,39,9.789553e-01,5.472070e-03
sample12-100rpm-60kx-29,9.464654e-04,-2.289368e+00,1.238755e+01,-8.595039e-05,1.412200e-03,3.500298e-03,1.583899e-02,1.317601e-03,9.778914e-01,39,9.744901e-01,5.812456e-03
sample12-100rpm-60kx-2,5.824318e-05,8.300964e-02,1.953759e+00,-8.824941e-05,1.503377e-03,3.061027e-03,1.673910e-02,1.275864e-03,9.801907e-01,39,9.771431e-01,5.719655e-03
sample12-100rpm-60kx-30,7.676324e-04,3.847767e+00,-1.060953e+01,-8.612021e-05,1.410643e-03,3.561518e-03,1.541158e-02,1.498999e-03,9.750259e-01,39,9.711837e-01,6.199666e-03
sample12-100rpm-60kx-31,7.984706e-03,-6.922354e-01,8.265558e+00,-1.105608e-04,1.904713e-03,1.583731e-03,1.481102e-02,6.926766e-04,9.900253e-01,39,9.884908e-01,4.214373e-03
sample12-100rpm-60kx-3,7.417647e-03,6.448727e-01,1.589331e+00,-9.112676e-05,1.536781e-03,3.035596e-03,1.588464e-02,1.616979e-04,9.974240e-01,39,9.970276e-01,2.036198e-03
sample12-100rpm-60kx-4,-2.882674e-03,-1.099301e+00,9.458461e+00,-8.585006e-05,1.436770e-03,3.286156e-03,1.595995e-02,1.200750e-03,9.800672e-01,39,9.770006e-01,5.548735e-03
sample12-100rpm-60kx-7,-3.282906e-03,1.123371e+00,-1.806901e-01,-9.972135e-05,1.683534e-03,2.442906e-03,1.507438e-02,1.381937e-03,9.780613e-01,39,9.746861e-01,5.952671e-03
sample12-100rpm-60kx-8,7.245303e-03,-6.689358e-01,8.001781e+00,-9.489841e-05,1.622564e-03,2.500366e-03,1.580097e-02,2.426519e-04,9.960894e-01,39,9.954878e-01,2.494362e-03
sample12-100rpm-60kx-9,-2.501312e-03,1.432206e+00,-4.645745e+00,-9.248472e-05,1.538196e-03,2.985802e-03,1.502882e-02,1.461318e-03,9.757363e-01,39,9.720034e-01,6.121249e-03
sample12-195rpm-60kx-15,-7.242533e-03,-6.460025e-01,4.709473e+00,-9.289987e-05,1.572772e-03,2.947179e-03,1.613460e-02,1.625783e-04,9.974562e-01,39,9.970648e-01,2.041733e-03
sample12-195rpm-60kx-17,-4.909442e-04,-1.439856e-01,2.654633e+00,-9.143013e-05,1.566548e-03,2.906127e-03,1.584110e-02,1.353571e-03,9.791611e-01,39,9.759551e-01,5.891261e-03
sample12-195rpm-60kx-19,7.703045e-03,7.072171e-01,1.059290e+00,-1.150336e-04,2.005723e-03,1.226456e-03,1.555147e-02,6.968926e-04,9.906152e-01,39,9.891714e-01,4.227179e-03
sample12-195rpm-60kx-20,7.457405e-03,6.992225e-01,1.171191e+00,-1.053203e-04,1.827036e-03,1.732161e-03,1.561333e-02,5.007691e-04,9.925550e-01,39,9.914096e-01,3.583327e-03
sample12-195rpm-60kx-21,-2.974968e-03,-1.107589e+00,9.533064e+00,-8.813737e-05,1.477027e-03,3.078867e-03,1.567998e-02,1.213471e-03,9.795673e-01,39,9.764238e-01,5.578051e-03
sample12-195rpm-60kx-23,1.446893e-03,4.869887e-02,8.719629e+00,-9.670335e-05,1.624108e-03,2.717458e-03,1.294432e-02,1.771420e-03,9.712905e-01,39,9.668736e-01,6.739513e-03
sample12-195rpm-60kx-24,-7.804377e-03,-6.777644e-01,1.123563e+01,-1.000468e-04,1.707883e-03,2.157510e-03,1.475827e-02,4.829367e-04,9.922733e-01,39,9.910846e-01,3.518948e-03
sample12-195rpm-60kx-25,7.148136e-03,6.860698e-01,1.295944e+00,-9.894167e-05,1.708309e-03,2.109182e-03,1.589527e-02,3.323208e-04,9.947703e-01,39,9.939657e-01,2.919083e-03
sample12-195rpm-60kx-26,-2.914733e-03,-2.854304e-01,7.125008e+00,-9.128130e-05,1.591585e-03,1.943001e-03,1.739640e-02,1.922500e-03,9.700872e-01,39,9.654852e-01,7.021031e-03
sample12-195rpm-60kx-28,8.142002e-03,-6.967393e-01,8.314287e+00,-1.156319e-04,1.997657e-03,1.168154e-03,1.443164e-02,9.359794e-04,9.869210e-01,39,9.849089e-01,4.898926e-03
sample12-195rpm-60kx-29,7.368941e-03,6.668587e-01,1.431417e+00,-9.515662e-05,1.623295e-03,2.546029e-03,1.564531e-02,2.499341e-04,9.959936e-01,39,9.953772e-01,2.531515e-03
sample12-195rpm-60kx-2,-2.617379e-03,-1.111174e+00,9.554672e+00,-8.845542e-05,1.486897e-03,3.119983e-03,1.617125e-02,1.137399e-03,9.813447e-01,39,9.784747e-01,5.400378e-03
sample12-195rpm-60kx-31,9.663274e-04,-2.933455e+00,2.085133e+01,-9.508792e-05,1.570663e-03,2.970019e-03,1.503219e-02,1.449176e-03,9.759623e-01,39,9.722642e-01,6.095765e-03
sample12-195rpm-60kx-36,-1.407112e-03,-2.070608e+00,1.671511e+01,-9.946624e-05,1.654781e-03,2.714823e-03,1.484043e-02,1.523457e-03,9.755525e-01,39,9.717914e-01,6.250039e-03
sample12-195rpm-60kx-38,-2.898771e-03,-1.110634e+00,9.563424e+00,-8.919261e-05,1.497773e-03,3.034407e-03,1.578423e-02,1.188399e-03,9.802221e-01,39,9.771793e-01,5.520123e-03
sample12-195rpm-60kx-39,7.886181e-03,-7.039581e-01,8.311306e+00,-1.128088e-04,1.958709e-03,1.180906e-03,1.482374e-02,8.233362e-04,9.882177e-01,39,9.864051e-01,4.594691e-03
sample12-195rpm-60kx-42,1.214071e-03,-1.906741e+00,1.462857e+01,-9.715360e-05,1.607511e-03,2.966351e-03,1.530490e-02,1.380931e-03,9.778960e-01,39,9.744954e-01,5.950504e-03
sample12-195rpm-60kx-45,2.209071e-03,-1.437826e+00,1.106867e+01,-9.164641e-05,1.533151e-03,3.031775e-03,1.582537e-02,1.226757e-03,9.799788e-01,39,9.768986e-01,5.608503e-03
sample12-195rpm-60kx-47,1.549627e-01,-5.285862e-02,6.520685e+00,-1.409570e-04,2.426225e-03,7.759801e-03,-2.384250e-02,5.311251e-03,9.438649e-01,39,9.352288e-01,1.166987e-02
sample12-195rpm-60kx-49,-3.206306e-03,1.119796e+00,-1.802251e-01,-9.730124e-05,1.641005e-03,2.582276e-03,1.525199e-02,1.303604e-03,9.790166e-01,39,9.757884e-01,5.781501e-03
sample12-195rpm-60kx-50,7.319325e-03,6.574763e-01,1.498021e+00,-9.356853e-05,1.590003e-03,2.752412e-03,1.582676e-02,2.043423e-04,9.967424e-01,39,9.962412e-01,2.289005e-03
sample12-195rpm-60kx-52,-7.960217e-03,6.779621e-01,4.444695e+00,-1.030447e-04,1.758447e-03,2.072051e-03,1.462060e-02,5.544577e-04,9.913917e-01,39,9.900674e-01,3.770526e-03
sample12-195rpm-60kx-6,7.406199e-03,6.590707e-01,1.499186e+00,-9.183149e-05,1.558345e-03,2.754207e-03,1.561479e-02,2.113173e-04,9.965295e-01,39,9.959956e-01,2.327744e-03
sample12-195rpm-60kx-7,1.493831e-03,-1.756981e+00,9.136769e+00,-8.667206e-05,1.437718e-03,3.447253e-03,1.612214e-02,1.260460e-03,9.794517e-01,39,9.762905e-01,5.685023e-03
sample12-195rpm-60kx-8,7.332240e-03,6.167438e-01,1.732866e+00,-9.557144e-05,1.599094e-03,3.455326e-03,1.674010e-02,1.453490e-04,9.979567e-01,39,9.976423e-01,1.930517e-03
sample12-195rpm-60kx-9,7.052259e-03,5.956623e-01,1.815509e+00,-1.048938e-04,1.756315e-03,3.557522e-03,1.777841e-02,2.858163e-04,9.964972e-01,39,9.959583e-01,2.707143e-03
sample12-20rpm-60kx-16,1.404990e-03,2.048601e+00,-3.874004e+00,-8.517516e-05,1.397591e-03,3.514311e-03,1.531659e-02,1.501533e-03,9.745596e-01,39,9.706457e-01,6.204905e-03
sample12-20rpm-60kx-18,-2.833755e-03,-1.107409e+00,9.512106e+00,-8.705948e-05,1.459405e-03,3.168914e-03,1.589112e-02,1.193496e-03,9.800879e-01,39,9.770245e-01,5.531949e-03
sample12-20rpm-60kx-1,7.389580e-03,6.756574e-01,1.367871e+00,-9.722417e-05,1.665480e-03,2.312021e-03,1.552430e-02,3.041386e-04,9.951227e-01,39,9.943723e-01,2.792566e-03
sample12-20rpm-60kx-20,-8.595579e-04,3.537534e+00,-9.670073e+00,-8.385879e-05,1.372107e-03,3.676517e-03,1.560884e-02,1.467788e-03,9.754966e-01,39,9.717268e-01,6.134786e-03
sample12-20rpm-60kx-21,1.465563e-03,-1.754669e+00,9.107508e+00,-8.581760e-05,1.423021e-03,3.567261e-03,1.632470e-02,1.266166e-03,9.797233e-01,39,9.766038e-01,5.697877e-03
sample12-20rpm-60kx-26,3.438574e-04,-5.950805e+00,3.667594e+01,-9.147615e-05,1.505994e-03,3.182150e-03,1.508884e-02,1.480143e-03,9.751615e-01,39,9.713401e-01,6.160551e-03
sample12-20rpm-60kx-27,7.492855e-03,-6.855488e-01,8.157238e+00,-1.035867e-04,1.785178e-03,1.976020e-03,1.546306e-02,4.299543e-04,9.935112e-01,39,9.925129e-01,3.320312e-03
sample12-20rpm-60kx-29,2.415858e-03,1.429093e+00,-2.035372e+01,-8.846891e-05,1.468748e-03,3.166676e-03,1.531926e-02,1.369130e-03,9.767843e-01,39,9.732126e-01,5.925022e-03
sample12-20rpm-60kx-34,-1.636258e-03,-1.741347e+00,1.852696e+01,-8.752289e-05,1.447924e-03,3.406636e-03,1.570949e-02,1.359682e-03,9.776694e-01,39,9.742340e-01,5.904543e-03
sample12-20rpm-60kx-42,-4.213092e-04,9.178710e+00,-1.221773e+01,-8.813101e-05,1.446698e-03,3.479416e-03,1.541126e-02,1.486375e-03,9.755308e-01,39,9.717663e-01,6.173507e-03
sample12-20rpm-60kx-44,-3.547075e-04,5.083402e+00,-1.209073e+01,-8.909141e-05,1.463939e-03,3.485338e-03,1.546310e-02,1.484200e-03,9.759745e-01,39,9.722782e-01,6.168988e-03
sample12-20rpm-60kx-6,7.478974e-03,6.751177e-01,1.372139e+00,-9.680562e-05,1.655502e-03,2.330816e-03,1.532961e-02,3.302237e-04,9.946586e-01,39,9.938368e-01,2.909858e-03
sample12-20rpm-60kx-7,-1.173180e-03,-2.591646e+00,2.005355e+01,-9.691753e-05,1.604279e-03,2.926524e-03,1.519044e-02,1.393132e-03,9.774277e-01,39,9.739550e-01,5.976733e-03
sample7-195rpm-60kx-10,7.650731e-03,7.003284e-01,1.137320e+00,-1.106935e-04,1.922372e-03,1.496933e-03,1.547521e-02,6.020445e-04,9.914972e-01,39,9.901890e-01,3.929000e-03
sample7-195rpm-60kx-11,6.806201e-03,6.628484e-01,1.434032e+00,-9.959553e-05,1.713491e-03,2.593726e-03,1.694400e-02,2.546585e-04,9.963353e-01,39,9.957715e-01,2.555329e-03
sample7-195rpm-60kx-1,7.203313e-03,-6.679783e-01,8.014587e+00,-9.729687e-05,1.666233e-03,2.521091e-03,1.603569e-02,2.424923e-04,9.962725e-01,39,9.956990e-01,2.493542e-03
sample7-195rpm-60kx-2,7.051805e-03,6.735334e-01,1.376330e+00,-9.793321e-05,1.684682e-03,2.382819e-03,1.622308e-02,2.560339e-04,9.960590e-01,39,9.954527e-01,2.562220e-03
sample7-195rpm-60kx-3,7.025547e-03,6.819810e-01,1.313601e+00,-9.999484e-05,1.728083e-03,2.190604e-03,1.626856e-02,2.932536e-04,9.955443e-01,39,9.948588e-01,2.742139e-03
sample7-195rpm-60kx-4,7.333490e-03,6.689969e-01,1.418378e+00,-9.477467e-05,1.618762e-03,2.521568e-03,1.566025e-02,2.549146e-04,9.958904e-01,39,9.952581e-01,2.556613e-03
sample7-195rpm-60kx-5,7.150488e-03,6.942105e-01,1.221526e+00,-1.026722e-04,1.782254e-03,1.929438e-03,1.610423e-02,3.846455e-04,9.942381e-01,39,9.933517e-01,3.140494e-03
sample7-195rpm-60kx-6,7.209169e-03,-6.798307e-01,8.091421e+00,-9.853174e-05,1.695891e-03,2.232300e-03,1.584224e-02,3.024858e-04,9.952612e-01,39,9.945321e-01,2.784968e-03
sample7-195rpm-60kx-7,7.081723e-03,6.826212e-01,1.309353e+00,-1.000431e-04,1.728348e-03,2.212106e-03,1.621923e-02,3.034671e-04,9.954091e-01,39,9.947028e-01,2.789482e-03
sample7-195rpm-60kx-8,1.388317e-05,-1.956419e-01,4.609348e+00,-8.865937e-05,1.537821e-03,2.596376e-03,1.634930e-02,1.425231e-03,9.773734e-01,39,9.738924e-01,6.045196e-03
sample7-195rpm-60kx-9,7.033489e-03,7.028112e-01,1.160823e+00,-1.050229e-04,1.833319e-03,1.723531e-03,1.641479e-02,4.102973e-04,9.940041e-01,39,9.930817e-01,3.243523e-03
sample7-20rpm-60kx-10,7.696078e-03,-6.556057e-01,7.912472e+00,-9.201462e-05,1.553589e-03,2.856774e-03,1.522918e-02,2.497234e-04,9.959353e-01,39,9.953099e-01,2.530448e-03
sample7-20rpm-60kx-11,7.338270e-03,6.591573e-01,1.475285e+00,-9.502534e-05,1.617908e-03,2.762988e-03,1.596234e-02,2.111338e-04,9.967408e-01,39,9.962394e-01,2.326733e-03
sample7-20rpm-60kx-2,-2.877168e-03,-1.109147e+00,9.516389e+00,-8.964051e-05,1.506449e-03,3.120971e-03,1.593159e-02,1.196411e-03,9.806807e-01,39,9.777085e-01,5.538702e-03
sample7-20rpm-60kx-3,7.361634e-03,6.543298e-01,1.517243e+00,-9.336657e-05,1.584043e-03,2.817187e-03,1.581930e-02,1.938452e-04,9.969266e-01,39,9.964537e-01,2.229437e-03
sample7-20rpm-60kx-5,7.487808e-03,-6.553628e-01,7.909021e+00,-9.223385e-05,1.561897e-03,2.845842e-03,1.558291e-02,2.142559e-04,9.965489e-01,39,9.960180e-01,2.343873e-03
sample7-20rpm-60kx-6,7.438551e-03,6.496167e-01,1.541648e+00,-9.337824e-05,1.579900e-03,2.972920e-03,1.589562e-02,1.880231e-04,9.970948e-01,39,9.966479e-01,2.195701e-03
sample7-20rpm-60kx-7,7.366829e-03,6.507207e-01,1.540486e+00,-9.307499e-05,1.576902e-03,2.917359e-03,1.593218e-02,1.824071e-04,9.971461e-01,39,9.967070e-01,2.162662e-03
sample7-20rpm-60kx-8,7.459016e-03,6.524019e-01,1.531995e+00,-9.255672e-05,1.566494e-03,2.885114e-03,1.571849e-02,1.924223e-04,9.969339e-01,39,9.964622e-01,2.221239e-03
sample7-20rpm-60kx-9,2.212355e-03,-1.433851e+00,1.096924e+01,-9.065424e-05,1.516678e-03,3.256021e-03,1.607499e-02,1.244780e-03,9.804975e-01,39,9.774972e-01,5.649552e-03
sample7-20rpm-60kx,7.294662e-03,-6.700031e-01,8.028010e+00,-9.774832e-05,1.673909e-03,2.466155e-03,1.585218e-02,2.674834e-04,9.958707e-01,39,9.952354e-01,2.618883e-03
sample8-195rpm-60kx-10,8.301204e-03,6.829900e-01,8.713742e-01,-1.426295e-04,2.470602e-03,9.782381e-04,1.654766e-02,1.003272e-03,9.904483e-01,39,9.889788e-01,5.071975e-03
sample8-195rpm-60kx-1,7.297055e-03,6.683687e-01,1.359525e+00,-1.028972e-04,1.767507e-03,2.601226e-03,1.648078e-02,2.372952e-04,9.967424e-01,39,9.962412e-01,2.466676e-03
sample8-195rpm-60kx-2,6.562308e-03,6.735358e-01,1.338260e+00,-1.045407e-04,1.816945e-03,2.508533e-03,1.780917e-02,3.586885e-04,9.953258e-01,39,9.946067e-01,3.032679e-03
sample8-195rpm-60kx-3,7.075757e-03,6.908648e-01,1.199067e+00,-1.077774e-04,1.875568e-03,2.096877e-03,1.687982e-02,3.452458e-04,9.954147e-01,39,9.947093e-01,2.975308e-03
sample8-195rpm-60kx-4,7.000066e-03,7.532988e-01,7.522284e-01,-1.199340e-04,2.150428e-03,1.076240e-03,1.872106e-02,9.392794e-04,9.894962e-01,39,9.878803e-01,4.907554e-03
sample8-195rpm-60kx-5,6.850208e-03,6.536338e-01,1.489124e+00,-9.957925e-05,1.706384e-03,2.770551e-03,1.700852e-02,2.378016e-04,9.966453e-01,39,9.961291e-01,2.469307e-03
sample8-195rpm-60kx-6,6.814737e-03,6.426875e-01,1.543510e+00,-1.017874e-04,1.739736e-03,2.958615e-03,1.739811e-02,2.555831e-04,9.966010e-01,39,9.960780e-01,2.559964e-03
sample8-195rpm-60kx-7,6.416564e-03,6.721681e-01,1.327889e+00,-1.073318e-04,1.870162e-03,2.620973e-03,1.843488e-02,4.234509e-04,9.948671e-01,39,9.940774e-01,3.295105e-03
sample8-195rpm-60kx-8,6.301910e-03,6.802086e-01,1.276557e+00,-1.071602e-04,1.874148e-03,2.525344e-03,1.861395e-02,4.700950e-04,9.942820e-01,39,9.934023e-01,3.471846e-03
sample8-195rpm-60kx-9,6.937973e-03,7.482205e-01,7.651804e-01,-1.208358e-04,2.164178e-03,1.412958e-03,1.929295e-02,8.190149e-04,9.913178e-01,39,9.899821e-01,4.582617e-03
sample8-20rpm-60kx-10,8.005029e-03,-6.917108e-01,8.275149e+00,-1.112210e-04,1.916279e-03,1.577041e-03,1.476916e-02,7.186645e-04,9.897608e-01,39,9.881856e-01,4.292702e-03
sample8-20rpm-60kx-1,7.575016e-03,6.542783e-01,1.484260e+00,-9.638629e-05,1.634012e-03,2.925088e-03,1.585636e-02,2.089748e-04,9.969007e-01,39,9.964239e-01,2.314806e-03
sample8-20rpm-60kx-2a,-2.968621e-03,-1.105681e+00,9.479504e+00,-9.192490e-05,1.546963e-03,3.164486e-03,1.598489e-02,1.224669e-03,9.811084e-01,39,9.782020e-01,5.603727e-03
sample8-20rpm-60kx-2b,-1.957107e-03,1.734806e+00,-2.633164e+00,-8.898333e-05,1.466853e-03,3.424595e-03,1.509402e-02,1.621883e-03,9.737465e-01,39,9.697075e-01,6.448778e-03
sample8-20rpm-60kx-3,7.201893e-03,6.997781e-01,1.165733e+00,-1.057773e-04,1.841987e-03,1.797454e-03,1.622255e-02,4.302210e-04,9.938133e-01,39,9.928615e-01,3.321341e-03
sample8-20rpm-60kx-4,-2.924114e-03,-1.106449e+00,9.497742e+00,-9.007699e-05,1.513929e-03,3.132859e-03,1.591846e-02,1.199565e-03,9.807909e-01,39,9.778357e-01,5.545997e-03
sample8-20rpm-60kx-5,7.364048e-03,-6.816798e-01,8.120640e+00,-1.000462e-04,1.721942e-03,2.236343e-03,1.576691e-02,3.289847e-04,9.949815e-01,39,9.942094e-01,2.904394e-03
sample8-20rpm-60kx-6,7.475173e-03,7.066915e-01,1.087807e+00,-1.135878e-04,1.984972e-03,1.276339e-03,1.585410e-02,6.400539e-04,9.913015e-01,39,9.899633e-01,4.051128e-03
sample8-20rpm-60kx-7,7.623027e-03,6.855456e-01,1.247003e+00,-1.055394e-04,1.817435e-03,1.883777e-03,1.525278e-02,4.789775e-04,9.928552e-01,39,9.917560e-01,3.504493e-03
sample8-20rpm-60kx-8,1.118915e-03,2.082545e+00,8.166824e+00,-9.569055e-05,1.601300e-03,2.942000e-03,1.599756e-02,1.227986e-03,9.806235e-01,39,9.776425e-01,5.611312e-03
sample8-20rpm-60kx-9,6.865681e-03,6.727628e-01,1.372319e+00,-9.958288e-05,1.718300e-03,2.406236e-03,1.666921e-02,2.613964e-04,9.961414e-01,39,9.955478e-01,2.588913e-03
sample9-195rpm-60kx-10,6.570143e-03,6.416933e-01,1.545055e+00,-1.032901e-04,1.771362e-03,2.876834e-03,1.773229e-02,3.246367e-04,9.957536e-01,39,9.951004e-01,2.885138e-03
sample9-195rpm-60kx-11,6.713253e-03,6.550434e-01,1.477111e+00,-1.005049e-04,1.726975e-03,2.714536e-03,1.724281e-02,2.645116e-04,9.963142e-01,39,9.957472e-01,2.604294e-03
sample9-195rpm-60kx-13,6.707584e-03,6.454637e-01,1.533573e+00,-1.010966e-04,1.731249e-03,2.858365e-03,1.737427e-02,2.704279e-04,9.963198e-01,39,9.957536e-01,2.633258e-03
sample9-195rpm-60kx-2,6.977047e-03,6.593970e-01,1.459007e+00,-9.846774e-05,1.687392e-03,2.677277e-03,1.667033e-02,2.200020e-04,9.967864e-01,39,9.962921e-01,2.375095e-03
sample9-195rpm-60kx-2b,7.019702e-03,6.579179e-01,1.468248e+00,-9.822326e-05,1.681082e-03,2.711513e-03,1.660881e-02,2.116231e-04,9.969047e-01,39,9.964285e-01,2.329428e-03
sample9-195rpm-60kx-2c,-2.649661e-04,1.837921e-01,2.423818e+00,-8.309399e-05,1.476128e-03,3.028899e-03,2.016810e-02,1.462341e-03,9.801270e-01,39,9.770697e-01,6.123390e-03
sample9-195rpm-60kx-3,6.896438e-03,6.370467e-01,1.581564e+00,-1.004302e-04,1.709571e-03,3.050956e-03,1.722050e-02,2.286332e-04,9.969126e-01,39,9.964376e-01,2.421237e-03
sample9-195rpm-60kx-4,6.728790e-03,6.538394e-01,1.477213e+00,-1.015197e-04,1.744301e-03,2.770008e-03,1.735887e-02,2.721919e-04,9.963042e-01,39,9.957356e-01,2.641833e-03
sample9-195rpm-60kx-5,6.533778e-03,6.594095e-01,1.439883e+00,-1.030444e-04,1.779987e-03,2.683371e-03,1.772864e-02,3.376416e-04,9.955342e-01,39,9.948472e-01,2.942359e-03
sample9-195rpm-60kx-6,6.505616e-03,6.466869e-01,1.517255e+00,-1.030840e-04,1.772201e-03,2.789440e-03,1.775732e-02,3.384894e-04,9.955265e-01,39,9.948383e-01,2.946051e-03
sample9-195rpm-60kx-7,6.494567e-03,6.507490e-01,1.482332e+00,-1.045529e-04,1.802164e-03,2.785059e-03,1.795098e-02,3.564120e-04,9.954338e-01,39,9.947313e-01,3.023040e-03
sample9-195rpm-60kx-8,6.737545e-03,6.567911e-01,1.467637e+00,-1.002846e-04,1.723588e-03,2.688079e-03,1.715879e-02,2.593273e-04,9.963591e-01,39,9.957990e-01,2.578646e-03
sample9-20rpm-60kx-10,7.033310e-03,6.650635e-01,1.437715e+00,-9.657551e-05,1.655197e-03,2.540636e-03,1.626818e-02,2.278612e-04,9.964795e-01,39,9.959379e-01,2.417146e-03
sample9-20rpm-60kx-2,-1.360054e-02,4.481729e-02,3.135107e+00,-8.607357e-05,1.539909e-03,1.860441e-03,1.916880e-02,1.462449e-03,9.786569e-01,39,9.753733e-01,6.123618e-03
sample9-20rpm-60kx-5,6.809083e-03,6.451751e-01,1.545467e+00,-9.917901e-05,1.694369e-03,2.862386e-03,1.708438e-02,2.332075e-04,9.967114e-01,39,9.962055e-01,2.445338e-03
sample9-20rpm-60kx-6,7.025983e-03,6.744116e-01,1.371795e+00,-9.778186e-05,1.683090e-03,2.363228e-03,1.622237e-02,2.603890e-04,9.959765e-01,39,9.953575e-01,2.583919e-03
sample9-20rpm-60kx-7,6.872218e-03,6.659386e-01,1.424777e+00,-9.798271e-05,1.684586e-03,2.515443e-03,1.661247e-02,2.422100e-04,9.963617e-01,39,9.958020e-01,2.492090e-03
sample9-20rpm-60kx-9,6.922824e-03,6.807018e-01,1.315182e+00,-1.011448e-04,1.750414e-03,2.240397e-03,1.659444e-02,3.007432e-04,9.955798e-01,39,9.948998e-01,2.776934e-03
sample9-20rpm-60kx,-1.986511e-03,1.955443e-01,2.636626e+00,-8.177958e-05,1.466347e-03,2.502012e-03,2.018880e-02,1.443914e-03,9.790533e-01,39,9.758307e-01,6.084688e-03
